time,open,high,low,close,volume,hour_of_day,day_of_week,is_asian_session,is_london_session,is_ny_session,is_overlap_session,session_transition,news_release_proximity,spread_proxy,volume_regime,obv_slope,tick_volume_ratio,order_flow_imbalance,ema_20,ema_50,ema_200,ema20_h1,ema50_h1,ema200_h1,ema20_h4,ema50_h4,ema_alignment_h1,ema_alignment_h4,ema_slope_acceleration,trend_strength_index,momentum_regime,macd_divergence,rsi_divergence,returns_skew_rolling,returns_kurt_rolling,atr_14,vol_expansion_rate,var_breach,var_breach_frequency,extreme_move_frequency,garch_forecast,vix_regime,put_call_ratio,commitment_traders,sentiment_extremes,shannon_entropy_sign_w144,sign_change_rate_w144,price_range_entropy_w144,shannon_entropy_sign_w288,sign_change_rate_w288,price_range_entropy_w288,power_mean_p-1.0,power_mean_p1.0,power_mean_p2.0,renyi_entropy_q0.5,renyi_entropy_q2.0,fractal_dim_14,fractal_dim_30,fractal_dim_60,volatility_regime,mlfinpy_cusum_event,mlfinpy_z_score_event,sadf_log_tstat,sadf_log_crit,sadf_log_break,cusum_event,cusum_event_rate_w288,time_since_last_event_w288,cusum_event_rate_w1440,time_since_last_event_w1440,one_sided_dev_z_w288,one_sided_dev_z_w1440,max_drawup_w288,max_drawdown_w288,max_drawup_w1440,max_drawdown_w1440,label
2024-04-17 00:40:00+00:00,1.06211,1.06215,1.06193,1.06195,164.0,0,2,1,0,0,0,1,1.0,0.00021999999999988695,0,18.1,1.0,0.0,1.0620467738169128,1.0620157395630885,1.0622934326041666,1.0623883136420622,1.0635482773816052,1.0717874531690594,1.065041979583885,1.0710905046185644,-1,-1,-1.3702679128257956e-06,16.57776802698739,-1,0,0,0.6731783659715791,4.21816826448516,0.00020607164579585592,3.0412621621458766e-06,0,0.065,0.005,0.0,0,0.0,0.0,0,1.0894432129154943,0.5277777777777778,2.3634728669238245,1.1399484427040663,0.5381944444444444,2.303842766844487,0.0,0.00020089606615622072,0.0002882841017129026,1.970711883803517,1.464923459356716,1.0,0.9450916588976586,1.0,0,0,0,0.0,0.0,0.0,0,0.0625,52,0.04097222222222222,52,0.40059154357419957,-0.754420782981638,0.0013861647555821754,-0.0029855510594950507,0.0013861647555821754,-0.022649462523928743,1
2023-02-22 03:20:00+00:00,1.06618,1.06623,1.06591,1.06593,181.0,3,2,1,0,0,0,0,1.0,0.000320000000000098,0,39.1,1.0,0.0,1.0658176121034395,1.0655825548974218,1.0656670357797429,1.0657541835614652,1.0665632669890588,1.069654877360916,1.0673406182059748,1.0695550105235825,-1,-1,2.201628927500643e-06,22.606596270939562,1,0,0,-0.07726399407418683,0.15392261206736693,0.0002947452421722671,1.3442943760562874e-06,0,0.025,0.005,0.0,0,0.0,0.0,0,1.1553442905235949,0.5416666666666666,2.3728260953435583,1.1553442905235949,0.5694444444444444,2.0603440686413492,0.0,0.0001679704854905971,0.00022696291060049538,1.9413024395273282,1.5255741666552771,1.0,1.0,1.0,0,0,0,0.0,0.0,0.0,0,0.06597222222222222,31,0.043055555555555555,31,0.3540133920803119,-0.18571241268678618,0.0019928370667694484,-0.002927805735880029,0.003974720027126066,-0.006764878539680774,-1
2023-04-25 03:10:00+00:00,1.10557,1.10568,1.10553,1.10561,161.0,3,1,1,0,0,0,0,1.0,0.0001500000000000945,0,-82.0,1.0,0.0,1.1055442529802617,1.1055066491906296,1.1038274166897564,1.1036503918051077,1.1011075189709347,1.0975064202138836,1.1000822342612238,1.0977130701874105,1,1,3.6528417240999644e-06,20.234663387043163,1,0,0,-0.10773967810004223,4.542086995447785,0.00025146367664498034,-1.8589432625154783e-06,0,0.03,0.015,0.0,0,0.0,0.0,0,1.2326602568158205,0.5208333333333334,2.299871637251956,1.1950697187399353,0.5243055555555556,1.8729129607419868,0.0,0.0001134092183224607,0.0001585820737282796,1.9471171006808443,1.4911406057455545,0.9867031773864552,1.0,1.0,1,0,0,0.0,0.0,0.0,0,0.041666666666666664,14,0.04513888888888889,14,0.6299433230869983,1.1140459525797866,0.007573134056320097,-0.0009397731893552308,0.012491185655283399,-0.0009397731893552308,1
2023-03-09 04:25:00+00:00,1.0548,1.05503,1.05479,1.05492,93.0,4,3,1,0,0,0,0,1.0,0.00024000000000001798,0,10.4,1.0,0.0,1.0547214286140154,1.0546214160866736,1.0547062835865786,1.0548400751466387,1.0570082668032663,1.0608342714625156,1.0582420449144823,1.0605477666807879,-1,-1,-2.3152257384140283e-06,15.368656084688318,0,0,0,-0.3311537596836576,0.6864883528642406,0.0001820526909045164,-2.8698141836881206e-06,0,0.05,0.025,0.0,0,0.0,0.0,0,1.2467557002025407,0.5416666666666666,2.4872441471182944,1.1937217146266916,0.5520833333333334,1.3503119777474895,0.0,0.00012694978328393737,0.00017457549450404036,2.0269560181569033,1.5991705862358176,0.8408014051506982,1.0,1.0,0,0,0,0.0,0.0,0.0,0,0.020833333333333332,138,0.03958333333333333,138,1.494157967998734,-0.921218477897333,0.0022611967241150666,-0.0022321428571427937,0.0022611967241150666,-0.013484953335702321,1
2023-08-30 20:35:00+00:00,1.09225,1.09231,1.09224,1.09231,198.0,20,2,0,0,1,0,0,1.0,6.999999999979245e-05,-1,92.1,1.0,0.0,1.0922090131669313,1.0922110095044582,1.09041336000085,1.090130421554095,1.0870818676938085,1.0857673406618862,1.0862583009479512,1.0857804846486765,1,1,2.616930300192166e-06,11.270449967109753,1,0,0,1.4942972434930677,6.644855045641377,0.00015052726551258343,-5.328070511013302e-06,0,0.05,0.015,0.0,0,0.0,0.0,0,1.0881715090855733,0.4583333333333333,2.240363844170123,1.090820035968223,0.5104166666666666,1.9856960218905262,0.0,0.00022081099312335468,0.00030517964061245863,1.7322193081410877,1.4595124159771844,1.0,0.9904139511707397,1.0,0,0,0,0.0,0.0,0.0,0,0.024305555555555556,30,0.04097222222222222,30,-0.3555897244182512,0.8987193838578013,0.006190182297183933,-0.0019826767049192506,0.014215413184772485,-0.0019826767049192506,-1
2024-01-15 15:40:00+00:00,1.09386,1.09412,1.09386,1.09411,249.0,15,0,0,1,1,1,0,1.0,0.00025999999999992696,-1,105.4,1.0,0.0,1.0942868568980064,1.094516166197913,1.0951649350298212,1.0951509920739184,1.095604002981546,1.0960716723316792,1.0955113635523246,1.0960005271198021,-1,-1,2.179084159292799e-06,14.896035948002808,1,0,0,-0.07368100036552591,-0.04653043889793951,0.0003451158215283126,-1.646203128829516e-07,0,0.065,0.015,0.0,0,0.0,0.0,0,1.1547717145751626,0.4930555555555556,2.5685684931342707,1.167351447764388,0.5069444444444444,2.36797144760519,0.0,0.0001462250318854532,0.00019210163724344537,2.070080078354938,1.676551763349404,1.0,1.0,1.0,2,0,0,0.0,0.0,0.0,0,0.03819444444444445,19,0.04791666666666667,19,-0.5584625861673597,-0.29056325823301266,0.0006035941286752777,-0.002843524147170595,0.0027127342711816826,-0.004413263449079108,1
2025-06-11 04:00:00+00:00,1.14162,1.14162,1.14119,1.1413,158.0,4,2,1,0,0,0,0,1.0,0.0004300000000001525,0,-12.1,1.0,0.0,1.1415177185436403,1.1418175385132738,1.1421229318014288,1.1419721625974932,1.1417719674810995,1.1398327592828996,1.1417230434317513,1.1400196749741083,1,1,2.6866671773984054e-07,27.530039228807293,0,0,0,-0.6055201192535128,0.8696635545303156,0.0002988248271928875,-2.4796020497229452e-06,0,0.04,0.0,0.0,0,0.0,0.0,0,1.1552011611469921,0.5069444444444444,2.7009013569537936,1.1544495720880497,0.5173611111111112,2.0646223037597387,0.0,0.00014692863017293068,0.00019045735687871999,2.102496817354633,1.9004692086787636,1.0,0.9264188676189605,1.0,0,0,0,0.0,0.0,0.0,0,0.04861111111111111,25,0.04375,25,0.1764997688501321,-0.1593023701865353,0.0031378270767230543,-0.0028482560984134375,0.004842401831308463,-0.006908913716891174,1
2024-02-05 02:40:00+00:00,1.07785,1.07785,1.07769,1.07778,157.0,2,0,1,0,0,0,0,1.0,0.00015999999999993797,-1,146.5,1.0,0.0,1.0777269337450193,1.0778230906950845,1.0802326797045518,1.0781463909976015,1.0816385489017595,1.0844948390828306,1.0816367517324423,1.0839563825907068,-1,-1,-1.6975143354303057e-06,16.62133343503988,0,0,0,-0.5730449499885559,0.3306240674095017,0.0002510975680456732,-5.350611733022246e-06,0,0.035,0.005,0.0,0,0.0,0.0,0,1.1223812433380593,0.5486111111111112,2.1061267476342134,1.1535902840374381,0.5277777777777778,1.0846961099208199,0.0,0.0001754752990543667,0.00024453966201209857,1.7606413487596644,1.3816754152635962,0.809668787895943,0.9895833840545931,0.9935737308405963,0,0,0,0.0,0.0,0.0,0,0.024305555555555556,44,0.04097222222222222,44,-1.188018636706966,-0.21678757305564486,0.0007706950183388184,-0.010929713955345144,0.0007706950183388184,-0.010929713955345144,1
2023-05-03 10:25:00+00:00,1.10334,1.10362,1.10327,1.10362,295.0,10,2,0,1,0,0,0,1.0,0.0003500000000000725,0,-73.2,1.0,0.0,1.1038038908263321,1.103559413854097,1.1019307501048987,1.101725610822264,1.1005331804892995,1.1000098553415818,1.1008057313477893,1.1002386760310336,1,1,1.5672142517075827e-08,19.451122867561487,0,0,0,0.26070470777034244,0.4693213178673057,0.0004010300059266779,-4.113255372770647e-06,0,0.055,0.02,0.0,0,0.0,0.0,0,1.1209577349789406,0.5138888888888888,2.655307610539124,1.2045824732418315,0.5243055555555556,1.5889342800438397,0.0,0.000139610146514656,0.00018659155998883075,2.098609111474873,1.7609878105613013,1.0,0.8963773689258313,1.0,3,0,0,0.0,0.0,0.0,0,0.027777777777777776,38,0.03888888888888889,38,1.2226404242190403,-0.25936968642683694,0.00847999707586311,-0.0008600631920113733,0.00847999707586311,-0.005192089275090628,0
2023-03-27 16:50:00+00:00,1.07875,1.07908,1.07875,1.07879,323.0,16,0,0,0,1,0,1,1.0,0.00032999999999994145,-1,-68.2,1.0,0.0,1.0788141306308212,1.0784075609238717,1.0774929180830963,1.0773452882144232,1.0782243816120858,1.07511575794567,1.0784958309111163,1.0755464153739291,0,1,-7.290480069599425e-06,15.575882179590032,-1,0,0,0.28142391092769514,0.835353508129673,0.00037929690321001676,-7.598940388956274e-06,0,0.05,0.02,0.0,0,0.0,0.0,0,1.1540557753387568,0.5277777777777778,2.373314157268135,1.1693633469497997,0.5590277777777778,1.887081317384772,0.0,0.00024091745109811432,0.000336571741485959,1.921830631748389,1.4686867922532258,0.8511366140855378,1.0,1.0,0,0,0,0.0,0.0,0.0,0,0.03125,6,0.035416666666666666,6,1.166520025959933,-0.45276215928804586,0.0037963729750349895,-0.0005836467732672768,0.007725217651235017,-0.012540160550668644,1
2024-06-20 03:55:00+00:00,1.07411,1.0742,1.07407,1.07419,101.0,3,3,1,0,0,0,0,1.0,0.00012999999999996348,0,32.5,1.0,0.0,1.0741469191865853,1.0742924694050293,1.0743546154890433,1.0743226188739312,1.0738571123058998,1.0756326428659406,1.0736991538803788,1.0753817361753508,0,-1,3.1083470854342822e-06,30.518289242980014,1,0,0,-1.166966582218537,3.2583357562533286,0.00013205259682917477,-2.600892533545718e-06,0,0.055,0.01,0.0,0,0.0,0.0,0,1.3590485026126928,0.6805555555555556,2.3338626913385774,1.2848095663838865,0.6180555555555556,2.077700668993474,0.0,5.2867701876749273e-05,7.404679826767449e-05,1.925405622101216,1.4830330298646934,1.0740005814437208,1.0,1.0,1,0,0,0.0,0.0,0.0,0,0.027777777777777776,17,0.034722222222222224,17,-0.2180637653057038,0.048835035113192315,0.0012770082586079923,-0.0009858172518019126,0.006842317389796682,-0.006731578314701281,-1
2025-07-25 19:00:00+00:00,1.17453,1.17464,1.17444,1.17444,117.0,19,4,0,0,1,0,0,1.0,0.00019999999999997797,-1,65.3,1.0,0.0,1.1738825666897168,1.1734173527649225,1.1736084655597625,1.1738332972109453,1.1741396453795319,1.1708140678922208,1.1735904775568116,1.170948504258341,0,1,7.325312303407827e-07,34.03245794332319,0,0,0,0.028067577473954414,4.1238334875276825,0.00029980643622417403,-1.0930358009885713e-06,0,0.055,0.02,0.0,0,0.0,0.0,0,1.1825002850236155,0.4861111111111111,2.0686235834110294,1.1239815455494837,0.4930555555555556,1.966330703040413,0.0,0.00017606806391121186,0.0002453392322602554,1.7563178948302058,1.2685113254635072,1.0,0.9969723073024122,1.0,1,0,0,0.0,0.0,0.0,0,0.041666666666666664,18,0.04513888888888889,18,0.12901824797706937,0.42166626837338367,0.0031432573712801837,-0.0020478395717381526,0.01101020100718797,-0.0036395103204297508,1
2023-10-12 18:45:00+00:00,1.05329,1.0534,1.05312,1.05328,270.0,18,3,0,0,1,0,0,1.0,0.00027999999999983594,-1,28.5,1.0,0.0,1.0536418302491808,1.0546677747153692,1.0583297515963568,1.0583292958093646,1.0593627682686058,1.0572340630246497,1.058668222424984,1.0572690825392423,0,1,4.171315325440794e-06,34.92883527498828,1,0,0,-3.7191605503158875,25.2616643353481,0.00039902048291243545,-6.718275260056048e-06,0,0.055,0.015,0.0,0,0.0,0.0,0,1.1192482574445979,0.5486111111111112,1.610771473889508,1.1691478787053755,0.5590277777777778,1.2133926344006585,0.0,0.00022950019929227148,0.00038884105150448797,1.3936214566557348,0.9813437886546706,0.902263198304135,0.9537558152307757,1.0,2,0,0,0.0,0.0,0.0,0,0.027777777777777776,20,0.035416666666666666,20,-1.3433683397898277,-0.5797730467880599,0.0003039051815834082,-0.009944917564341238,0.003907813721191866,-0.009944917564341238,0
2025-05-06 01:00:00+00:00,1.12858,1.1286,1.12797,1.12819,777.0,1,1,1,0,0,0,0,1.0,0.0006300000000001305,1,-206.2,1.0,0.0,1.1295780999468679,1.1304644729009183,1.1317152280358826,1.1313909417349324,1.1319118481021435,1.1339659667518265,1.1322709065389402,1.1337846712508168,-1,-1,-8.914894469747025e-07,44.56254015195255,0,0,0,-0.23870549543863934,2.1742386898535164,0.0004587583575278695,1.871364474429608e-05,0,0.055,0.015,0.0,0,0.0,0.0,0,1.1540557753387568,0.5486111111111112,2.3395333160078087,1.1251188025804923,0.5208333333333334,2.32004869363832,0.0,0.00018430276660043551,0.000259986198688752,1.9839148565828102,1.5215909792689826,1.0187772070306578,1.0114651864934865,1.016200114537522,0,0,0,0.0,0.0,0.0,1,0.03125,0,0.04583333333333333,0,-0.9501070488435537,-0.4970978166236113,0.0,-0.007006117150024194,0.0013846604475293844,-0.01200630528067248,-1
2023-10-25 12:45:00+00:00,1.05723,1.05769,1.05716,1.05769,398.0,12,2,0,1,1,1,1,1.0,0.0005299999999999194,1,32.4,1.0,0.0,1.0574567948164144,1.05771730431308,1.0590514154801307,1.0592185398575253,1.0604736162126875,1.0587523928918317,1.0601992814135437,1.0588391545720504,0,1,4.73231052882106e-06,13.017907568854374,1,0,0,-0.049904756682187516,0.6905613223992123,0.0003857440700277994,5.461226394431139e-06,0,0.085,0.035,0.0,0,0.0,0.0,0,1.2318198266012015,0.5625,2.3567874112082343,1.2201560019477018,0.5590277777777778,1.9151103612248521,0.0,0.00015199464306273752,0.0002069156020575192,1.9093574750254974,1.5322482737429703,1.0,0.7858751946470698,1.0,3,1,0,0.0,0.0,0.0,0,0.03819444444444445,40,0.043055555555555555,40,0.6101738726591366,-0.06510666979271947,0.000936878962808807,-0.00430214824995756,0.005017056090306893,-0.01052444477706882,1
2025-08-06 02:00:00+00:00,1.15669,1.15669,1.15642,1.15648,106.0,2,2,1,0,0,0,0,1.0,0.00026999999999999247,0,-29.2,1.0,0.0,1.157003353074939,1.1572331907362292,1.15680997360333,1.1567692135408647,1.1558131857179548,1.156696427399588,1.1556101846338294,1.1568260749186545,0,-1,-1.1305878643952383e-06,26.07435697087984,0,0,0,-0.06023938376402152,0.5193141642013758,0.000271526792058638,2.0984375318011196e-07,0,0.03,0.01,0.0,0,0.0,0.0,0,1.1249411464165928,0.5833333333333334,2.1265477346836974,1.1252253891288153,0.5486111111111112,1.9669653544649452,0.0,0.00014560110650408548,0.00021196814014926363,1.7569693210628725,1.3322271398496148,1.0196288067489168,1.0103419442214503,1.0103419442214503,0,0,0,0.0,0.0,0.0,0,0.041666666666666664,9,0.03958333333333333,9,0.36630458183790654,0.9950963604316694,0.0031922276197084987,-0.0016746948429757769,0.015034888313512074,-0.0026475788021216307,1
2025-02-20 01:00:00+00:00,1.04292,1.04312,1.04287,1.04303,412.0,1,3,1,0,0,0,0,1.0,0.0002500000000000835,1,110.5,1.0,0.0,1.042459274993925,1.0423477751420898,1.0427194835021407,1.0428186861736228,1.0440945186674198,1.0425108785019106,1.0445472856588724,1.0428491534566662,0,1,5.83336167210291e-06,21.450329155475856,1,0,0,0.14114656550866295,1.5894118975224,0.00021216791199234634,4.387517607096911e-06,0,0.055,0.01,0.0,0,0.0,0.0,0,1.1552011611469921,0.5486111111111112,2.1941306101079965,1.1252253891288153,0.4965277777777778,2.164563242988413,0.0,0.0001535784855358591,0.00021586748319996288,1.8857517932989178,1.4471360203761356,1.0824621601919406,1.0824621601919406,1.0643504114100393,0,0,0,0.0,0.0,0.0,1,0.04861111111111111,0,0.041666666666666664,0,0.2696003682410965,-0.6485379649221313,0.0026724345109347958,-0.002906115269532772,0.004391075331978689,-0.007715432768232611,1
2025-07-21 04:00:00+00:00,1.16251,1.16264,1.1625,1.16261,81.0,4,0,1,0,0,0,0,1.0,0.00013999999999980695,0,16.5,1.0,0.0,1.1622749959874223,1.1623059928063837,1.1626925586067873,1.1628236932132077,1.1625294106315425,1.165269996932504,1.1629232748169867,1.1651312678412136,0,-1,2.704254265606387e-06,11.513567219939603,1,0,0,-0.306696486937029,0.9002930645005733,0.00023071705029586575,-6.3587375702034085e-06,0,0.06,0.01,0.0,0,0.0,0.0,0,1.0881715090855733,0.5277777777777778,2.1372751728798427,1.1252253891288153,0.5208333333333334,2.1558322752213255,0.0,0.00013140180886822637,0.00018023899703023704,1.7775802062264234,1.4228334877571034,0.8278190246172549,1.0556139752109608,1.0,0,0,0,0.0,0.0,0.0,0,0.041666666666666664,40,0.041666666666666664,40,-0.6400481213211012,0.2208253234691973,0.0011539090822978437,-0.0034116527657532814,0.005396196719043234,-0.006469090225435514,1
2024-11-11 16:10:00+00:00,1.06504,1.06516,1.0649,1.06508,318.0,16,0,0,0,1,0,1,1.0,0.000260000000000149,-1,162.8,1.0,0.0,1.0645102391491181,1.065050654253545,1.0682304327470855,1.0679612666523948,1.0716494369875962,1.0788712986206848,1.0725326148641714,1.0778412002243554,-1,-1,1.060689878071841e-05,20.799449001145824,1,0,0,-0.057044446195155675,0.47186830325575363,0.0005126443925430198,-4.698703250940334e-06,0,0.095,0.02,0.0,0,0.0,0.0,0,1.1547717145751626,0.4791666666666667,2.5755358776856254,1.1089858620939388,0.4826388888888889,2.387559319094927,0.0,0.00023960793906675076,0.000323360846547466,2.077644524899753,1.6905743249807093,1.0531706590213579,1.0,1.0,2,0,0,0.0,0.0,0.0,1,0.052083333333333336,0,0.05347222222222222,0,0.09163501129612676,-1.2099615710284521,0.0013915005641218503,-0.007519917998415893,0.0013915005641218503,-0.026025568337692206,-1
2023-03-22 21:50:00+00:00,1.08579,1.08585,1.08577,1.08581,43.0,21,2,0,0,0,0,1,1.0,8.000000000008001e-05,-1,20.3,1.0,0.0,1.0858205030670491,1.0850379733195712,1.0811814159329765,1.0808008910218119,1.077180645967287,1.0698501536707008,1.0759316267663532,1.070599036044625,1,1,3.547739539055961e-06,15.346724225039786,0,0,0,3.297312688834051,23.916718983885687,0.00043093153609241044,-3.0317400677192842e-05,0,0.06,0.03,0.0,0,0.0,0.0,0,1.0499912043424287,0.5416666666666666,0.9995002080769292,1.1235193603355311,0.5972222222222222,0.661723118953454,0.0,0.00032794844550445044,0.0006700677040975098,1.3572370099614108,0.7918001325650608,1.0,1.0,1.0,2,0,0,0.0,0.0,0.0,0,0.04861111111111111,24,0.04027777777777778,24,0.4708742934917706,1.5242888255087355,0.00916399460941486,-0.004465104338577941,0.02860905069106967,-0.004465104338577941,-1
2025-06-25 08:00:00+00:00,1.15988,1.16006,1.15929,1.15944,457.0,8,2,1,1,0,0,0,1.0,0.0007700000000001594,1,-42.3,1.0,0.0,1.160505003492551,1.161021336927407,1.1612006660428746,1.1609047552199228,1.1585980945161767,1.1532113209329533,1.1570753260621052,1.1536364697524941,1,1,-3.0254605399182568e-06,25.373820182291702,0,0,0,-0.3920844420101185,1.9376957311553575,0.0005320651464103783,1.0022544970795638e-05,1,0.04,0.01,0.0,0,0.0,0.0,0,1.090431791292553,0.5833333333333334,2.2399140776579207,1.0915610341506863,0.5451388888888888,1.9239327375644812,0.0,0.00014571851502396323,0.00019403384247915047,1.7795196033004101,1.4611742360521944,0.9161962435259153,1.0,1.0,3,0,0,0.0,0.0,0.0,0,0.041666666666666664,12,0.04236111111111111,12,-1.0426418562048034,0.5764334360290658,0.0009928428977199477,-0.0034209485826269814,0.012779413177732568,-0.0034209485826269814,1
2023-04-17 23:10:00+00:00,1.09262,1.09264,1.09252,1.09255,66.0,23,0,0,0,0,0,0,1.0,0.00012000000000012001,0,1.3,1.0,0.0,1.0926145940408265,1.0926348717617986,1.0942767727110394,1.094258809596228,1.0969776812905465,1.0950313659705677,1.0972337524003528,1.0951778497112916,0,1,-1.1695178032455899e-06,18.734743737804525,-1,0,0,0.4736542219791436,1.6327664220143954,0.00011405486767129716,1.4983680604704799e-06,0,0.06,0.015,0.0,0,0.0,0.0,0,1.174700172609462,0.5416666666666666,2.138055143233705,1.1399484427040663,0.5173611111111112,2.1096741962595424,0.0,0.00017709599781041898,0.0002817010680881793,1.908833099407308,1.228183280076535,0.9219974879989142,1.0,0.9013719672723707,0,0,0,0.0,0.0,0.0,0,0.03819444444444445,67,0.035416666666666666,67,0.2980017137985484,-0.0023854247358967968,0.001420714940421508,-0.0066101725736940065,0.005549828811250546,-0.013427606508822465,0
2023-02-24 01:20:00+00:00,1.06061,1.06078,1.06042,1.06052,683.0,1,4,1,0,0,0,0,1.0,0.000360000000000138,1,196.7,1.0,0.0,1.0602825848942905,1.0599771147594417,1.0600525539356938,1.0602311055131641,1.0617518108406496,1.0666202475944027,1.0627645181942136,1.066311247549643,-1,-1,3.3672296248399293e-06,18.83870459066908,1,0,0,-0.07607181207359978,0.84150795007634,0.00034066922238452127,1.390749561831489e-05,0,0.06,0.03,0.0,0,0.0,0.0,0,1.0911376381372087,0.4861111111111111,2.0883130834747288,1.1089858620939388,0.4930555555555556,2.0221033415300838,0.0,0.00018693736759456327,0.000269862978433425,1.769364395205873,1.2167208981512336,1.0,1.0,1.0,0,0,0,0.0,0.0,0.0,0,0.04861111111111111,5,0.04375,5,0.49534229940308555,-0.017439809288505272,0.002571374550954575,-0.0020889399100439965,0.002571374550954575,-0.009017258940168582,1
2023-09-26 21:45:00+00:00,1.05712,1.05715,1.0571,1.05714,82.0,21,1,0,0,0,0,1,1.0,5.0000000000105516e-05,-1,27.7,1.0,0.0,1.0570473371035731,1.0571089548355714,1.0581007544856154,1.0582372236603645,1.060076066528874,1.0651069218251552,1.0610205946924003,1.0646004467617456,-1,-1,5.178500418923093e-07,10.467382819928185,0,0,0,-0.28754423167185467,0.5896935984629609,0.00016499140447709233,-3.0681622596847246e-06,0,0.08,0.01,0.0,0,0.0,0.0,0,1.1810580212316457,0.4791666666666667,2.7412412293012434,1.1957481543972945,0.5034722222222222,2.5371006430747585,0.0,0.00016715777750805365,0.00022304436499329523,2.1410165134926475,1.8028157354764651,0.8889686876114815,1.0,1.0,0,0,0,0.0,0.0,0.0,0,0.041666666666666664,19,0.041666666666666664,19,0.5410818896116936,-0.5303988634832352,0.0008426035502959728,-0.003515982165581133,0.0008426035502959728,-0.01539579200312935,-1
2023-06-15 05:55:00+00:00,1.08203,1.08233,1.08183,1.08183,362.0,5,3,1,0,0,0,0,1.0,0.0004999999999999449,1,134.6,1.0,0.0,1.0814738105628912,1.081598306644277,1.0822076889282788,1.0821911908188384,1.0808141959669904,1.0767381458301248,1.0797464895663431,1.076874795193381,1,1,9.744780351605976e-06,28.15404342550995,1,0,0,-0.9763254243001651,3.662090659899772,0.0002957555479094717,6.780013337475205e-06,0,0.01,0.01,0.0,0,0.0,0.0,0,1.1540557753387568,0.4722222222222222,1.2091896496316556,1.1678546037648072,0.5277777777777778,1.168624953839056,0.0,0.00019175003151959845,0.00040648495946432595,1.1753307439711134,0.39926331423451256,1.0,1.0,0.9649175408445197,1,0,0,0.0,0.0,0.0,0,0.041666666666666664,55,0.04027777777777778,55,0.2266975764247334,0.4282122927151127,0.0036087351800657697,-0.0041057176260481665,0.010895465206462562,-0.0041057176260481665,1
2024-08-27 23:10:00+00:00,1.11838,1.11838,1.11833,1.11833,42.0,23,1,0,0,0,0,0,1.0,4.999999999988347e-05,-1,6.8,1.0,0.0,1.1183888716433814,1.118274493872944,1.1174774213839545,1.1173953112314456,1.1168350487784702,1.1095703363108447,1.1160600497177782,1.1103168202521558,1,1,-2.4238461300285507e-07,18.597054664066462,0,0,0,0.43542453279129356,2.3718434982046097,9.960046694520842e-05,-3.2493499920066636e-06,0,0.045,0.015,0.0,0,0.0,0.0,0,1.1530530505103664,0.5347222222222222,2.3678787789046467,1.1367360577402663,0.5451388888888888,2.273939240944855,0.0,0.00013019594488835543,0.00018014732801215408,1.9883293832045514,1.5811947001207054,0.9219974879991016,0.9486531199999031,1.0,0,0,0,0.0,0.0,0.0,0,0.052083333333333336,60,0.04513888888888889,60,0.6484203692341195,-0.022755442366207836,0.002770704063699281,-0.0005004960273127246,0.01375140505457062,-0.0014732405935820037,-1
2024-04-17 06:40:00+00:00,1.06275,1.06275,1.06242,1.0625,270.0,6,2,1,0,0,0,0,1.0,0.0003300000000001635,1,57.2,1.0,0.0,1.0619526804312391,1.0621897268498202,1.0623701239101035,1.0625064306675955,1.063359794194067,1.0712567023146655,1.0648027434330387,1.0707547985550911,-1,-1,1.4342662681765539e-05,42.00732279427176,1,0,0,0.9506887014579701,1.8510937962865046,0.00035263526050107944,1.823354004381296e-05,0,0.04,0.015,0.0,0,0.0,0.0,0,1.2058911427658003,0.5694444444444444,2.1291714935949124,1.1530530505103664,0.5277777777777778,2.313369863668985,0.0,0.0001171558363874739,0.00016624272911805598,1.8564740489120128,1.4164513360582163,1.0,1.0,1.0,1,0,0,0.0,0.0,0.0,0,0.0625,2,0.04236111111111111,2,0.49904099016970926,-0.5490644092084399,0.0017631030613880494,-0.0024691821655571378,0.0019047978273987187,-0.022143277867766153,0
2023-06-21 09:25:00+00:00,1.09243,1.09277,1.09236,1.09277,431.0,9,2,0,1,0,0,1,1.0,0.00041000000000002146,0,47.9,1.0,0.0,1.0922145430815666,1.0919069328988358,1.0917090816498156,1.091649808182741,1.0918061445163552,1.0865507523220659,1.0914841594628546,1.0870512608502585,0,1,1.0362740909597433e-06,20.65631256258191,0,0,0,0.13843975737563952,0.07054769481650977,0.000416430144219393,-1.9858578542321566e-06,0,0.05,0.015,0.0,0,0.0,0.0,0,1.1235193603355311,0.5347222222222222,2.661816121400368,1.1767252328545064,0.5243055555555556,1.908739153262962,0.0,0.0001069916247632781,0.0001436074095608417,2.112598017537855,1.7745473403469336,1.0,0.9941472737545892,1.0,3,0,0,0.0,0.0,0.0,0,0.04513888888888889,3,0.03819444444444445,3,0.1140585276761978,-0.20341790818976724,0.003010582933298922,-0.0006036051690551103,0.01202085590716706,-0.003556220193859594,-1
2025-05-15 17:00:00+00:00,1.11805,1.11847,1.11777,1.1184,420.0,17,3,0,0,1,0,0,1.0,0.000700000000000145,0,35.3,1.0,0.0,1.1181749540488348,1.1187115802382555,1.1193868190421663,1.1191949027559125,1.1188552686068873,1.1227504703114979,1.118705071580991,1.1222984895476118,0,-1,9.779732495363014e-06,22.164957891646136,1,0,0,-0.01316226610916103,0.9267710929926075,0.000595236298692812,-7.90155508500769e-06,0,0.05,0.025,0.0,0,0.0,0.0,0,0.9998608466987451,0.5486111111111112,2.5609164931249486,1.0716404755358133,0.5034722222222222,2.226798329372144,9.220089298366545e-05,0.00030257496846697085,0.00039444983003164775,2.0744983280808493,1.7453972943321845,1.0,1.0,1.0,2,1,0,0.0,0.0,0.0,0,0.03819444444444445,16,0.03680555555555556,16,0.0599574017600262,0.6390740209637594,0.0015851266758013516,-0.003821179488549764,0.010535446446319874,-0.009380065368160828,0
2023-02-13 05:20:00+00:00,1.06675,1.06695,1.06674,1.06688,206.0,5,0,1,0,0,0,0,1.0,0.00021000000000004349,0,10.0,1.0,0.0,1.066623789271242,1.0666899623816808,1.0678877274736498,1.0673552112543716,1.0698405663562314,1.0766825584611301,1.070524970780617,1.0757724379834366,-1,-1,1.4143780368680581e-06,13.193286046433462,1,0,0,0.1453222589397346,1.190777812596315,0.00021946228828971843,-2.4226015222573063e-06,0,0.04,0.005,0.0,0,0.0,0.0,0,1.294253015112072,0.5694444444444444,2.442726566941051,1.2052732630770373,0.5277777777777778,1.8419853891928994,0.0,0.00012690986442722644,0.00017181916993443114,2.028334151262172,1.6233263501151538,1.0614005446642594,1.0079487531155433,1.0,1,0,0,0.0,0.0,0.0,0,0.041666666666666664,49,0.03888888888888889,49,0.11563817968180153,0.28522980935368275,0.0009945394156611886,-0.007359577219735791,0.0009945394156611886,-0.011891971992738837,0
2024-04-11 22:40:00+00:00,1.07287,1.07287,1.07281,1.07285,26.0,22,3,0,0,0,0,0,1.0,5.999999999994898e-05,-1,14.0,1.0,0.0,1.072768829714669,1.0726969568562355,1.0731414989467456,1.0733565477032176,1.0763271724105337,1.080431331672461,1.0779516792505766,1.080291130984104,-1,-1,1.2359428400499083e-06,18.946481717604197,1,0,0,0.5115201089287092,3.508750606769462,9.614483319708532e-05,-1.8764662783425742e-06,0,0.065,0.03,0.0,0,0.0,0.0,0,1.0894432129154943,0.4791666666666667,1.6650756832150606,1.1402337513461722,0.5520833333333334,1.4700903607432545,0.0,0.00019032334757126032,0.00032066918884742727,1.686001878583962,1.0672796201689703,1.0,1.0,0.9773985710628867,0,0,0,0.0,0.0,0.0,0,0.03125,55,0.03611111111111111,55,1.289215448236139,-1.1698305997738014,0.0026260700534559422,-0.0025103435451628853,0.0026260700534559422,-0.014277970212883129,-1
2025-05-26 23:00:00+00:00,1.13898,1.13907,1.13882,1.13889,94.0,23,0,0,0,0,0,0,1.0,0.0002500000000000835,0,-32.3,1.0,0.0,1.1389142406096826,1.1386391457297445,1.138321057582446,1.1384657891498617,1.136750182947843,1.1301604701135508,1.1354324407063652,1.1304977933636438,1,1,-7.738619051322893e-06,21.431164967458056,-1,0,0,0.9679278483876985,5.934562489990285,0.0002552877775627017,-4.544334347816203e-06,0,0.03,0.01,0.0,0,0.0,0.0,0,1.1540557753387568,0.5625,2.2629848644753476,1.1252609167868028,0.5729166666666666,2.379962882908868,0.0,0.00011983802265515342,0.000162823454062272,1.8653978251727281,1.4256385386847121,0.9358696625802845,1.0,1.0,0,0,0,0.0,0.0,0.0,0,0.020833333333333332,12,0.04375,12,-0.9145590917037572,0.14664074082039322,0.0016975091471995718,-0.002461242007532616,0.015098712063817521,-0.002461242007532616,1
2023-10-02 03:45:00+00:00,1.05691,1.05696,1.05685,1.05686,161.0,3,0,1,0,0,0,0,1.0,0.00010999999999983245,0,-14.9,1.0,0.0,1.0568573178155858,1.0567673655505294,1.057184762359273,1.0567160542838814,1.0567604125948706,1.0599454784030047,1.0569020048759303,1.059682173449652,-1,-1,2.73336683020986e-07,20.20644204495121,0,0,0,-0.35567251914130676,1.807552468390101,0.0001297449686190978,-2.7859454890852827e-06,0,0.025,0.01,0.0,0,0.0,0.0,0,1.1825002850236155,0.5416666666666666,2.625471154438847,1.1239815455494837,0.5243055555555556,1.9038992979568656,0.0,0.00012042578925960174,0.00016242776896923717,2.0717077202765277,1.6515950313755368,0.9475325801060975,0.8950304403983409,1.0,0,0,0,0.0,0.0,0.0,0,0.03125,69,0.044444444444444446,69,-0.9615189983999031,0.20829424571161237,0.0009470952588410686,-0.004427446399638435,0.0075985088998844486,-0.00782951558392786,1
2024-01-01 23:40:00+00:00,1.10381,1.10383,1.10365,1.10367,93.0,23,0,0,0,0,0,0,1.0,0.000180000000000069,-1,-28.5,1.0,0.0,1.1039543866149721,1.104218055313051,1.1053847027866999,1.1043193209429376,1.1056048338326856,1.1020271716257914,1.1051772723004079,1.1024236352701011,0,1,-4.770820516641905e-06,20.04195997517223,-1,0,0,-0.7647931425527307,3.6580887996627136,0.00016966483981817795,6.959667687995562e-08,0,0.07,0.03,0.0,0,0.0,0.0,0,1.1547717145751626,0.5625,2.1938355206307123,1.1391636449607487,0.53125,2.0176345141993854,0.0,0.00019025340705936748,0.00027538523437180783,1.8727302609158731,1.3473259352489586,1.0,1.0,0.9916040788789505,0,0,0,0.0,0.0,0.0,0,0.04861111111111111,31,0.04513888888888889,31,0.20220566861672942,-0.7319495340250877,0.00019031047795103895,-0.004258428892357391,0.003482324701774786,-0.008970421852271038,-1
2023-01-31 19:05:00+00:00,1.08705,1.0871,1.08691,1.08706,220.0,19,1,0,0,1,0,0,1.0,0.00018999999999991246,-1,15.2,1.0,0.0,1.0867699035022307,1.0861077155370131,1.0849755180518919,1.0851534817107844,1.085777401739509,1.0856849602375256,1.0862569914396827,1.085778446408712,0,1,-3.902734003990993e-06,25.4904928694766,0,0,0,0.8667859861458873,3.583361792969782,0.00037003515014033225,-8.570699562056815e-06,0,0.065,0.025,0.0,0,0.0,0.0,0,1.0525152515507228,0.5416666666666666,2.260963933482973,1.195675815529473,0.5694444444444444,1.8657451252093193,0.0,0.00026752831601039293,0.0003714947488099161,1.8504998150321892,1.3403005781972415,0.8038574778213731,1.0,1.0,1,0,0,0.0,0.0,0.0,0,0.041666666666666664,12,0.041666666666666664,12,1.0359525280945063,-0.3809391044540481,0.006238892180094657,-0.00026670345335000345,0.006238892180094657,-0.005152422004411128,-1
2025-04-02 18:00:00+00:00,1.08515,1.0854,1.08503,1.0851,384.0,18,2,0,0,1,0,0,1.0,0.00036999999999998145,0,-45.2,1.0,0.0,1.085418077983506,1.0847065527600246,1.0819814241168797,1.0823068742217434,1.0812611970344566,1.0812154284033595,1.0812516196838144,1.081290955693718,1,-1,-4.062861321552091e-06,24.66720630226581,-1,0,0,0.33151601987460555,1.2192202076813703,0.00043485639704986804,-8.57748648749709e-06,0,0.045,0.02,0.0,0,0.0,0.0,0,1.1123964411333642,0.5069444444444444,2.447845035851823,1.1544495720880497,0.5555555555555556,2.116414587181475,0.0,0.00022687885036266588,0.0003040622987579015,1.9942699076903059,1.5598580836474363,0.7905466343710412,1.0,1.0,2,0,0,0.0,0.0,0.0,0,0.04513888888888889,21,0.05,21,1.4106444785762215,1.0519444651276109,0.006250231833524911,-0.0019407474177022266,0.010890526453079419,-0.0019407474177022266,0
2023-07-11 11:30:00+00:00,1.10004,1.10006,1.0998,1.09985,246.0,11,1,0,1,0,0,0,1.0,0.00025999999999992696,0,-203.3,1.0,0.0,1.1004110483676843,1.1006840370874091,1.1003672004981793,1.0999539677520123,1.0975656646204772,1.0925097375096484,1.0960642353504977,1.0928425709842389,1,1,-6.80224184241851e-06,19.022127109973145,-1,0,0,0.25810167308350196,3.905705734800246,0.00029287659527087883,-4.522809269701583e-06,0,0.05,0.02,0.0,0,0.0,0.0,0,1.0527955181875976,0.5138888888888888,2.0176991126875117,1.1367360577402663,0.5381944444444444,2.01397014442402,0.0,0.00014366636743761877,0.00019765147718176157,1.709616493378826,1.335888806335578,1.0924462487645172,1.0,0.980560119176309,2,0,0,0.0,0.0,0.0,0,0.04861111111111111,2,0.04583333333333333,2,-0.11552087386056856,0.8855562491088544,0.0048421725823397654,-0.00233123491954057,0.015183681004246052,-0.00233123491954057,0
2025-07-10 00:00:00+00:00,1.17375,1.17417,1.17354,1.17402,307.0,0,3,1,0,0,0,1,1.0,0.0006299999999999084,1,67.2,1.0,0.0,1.1727864152097205,1.1723075959284084,1.1716528238980202,1.1719641282134905,1.1723207390188792,1.1725302353130544,1.1730291968520492,1.1727882830662602,-1,1,1.2698779795417003e-05,38.04995022341303,1,0,0,0.37208799189247344,5.269456180888221,0.00027275475540953906,1.3735026869339458e-05,0,0.045,0.015,0.0,0,0.0,0.0,0,1.2467557002025407,0.5069444444444444,2.3452939871162894,1.1827886182598253,0.53125,2.2836616259339553,0.0,0.00014145118681052152,0.0002003990636388646,1.9589673744073717,1.4864387377116761,1.082462160191993,1.052046747769616,1.051399152506657,0,0,1,0.0,0.0,0.0,0,0.03819444444444445,1,0.03611111111111111,1,0.7636669047559107,-0.5033995362560221,0.004216955067616768,0.0,0.004500496252438424,-0.0059018281272491535,-1
2023-03-22 10:50:00+00:00,1.07833,1.07894,1.07821,1.07882,524.0,10,2,0,1,0,0,0,1.0,0.0007300000000001194,0,20.2,1.0,0.0,1.0784695580991466,1.077981954999391,1.077020052365714,1.0769395512804123,1.074424843883217,1.06845070440703,1.072955103584079,1.068854574117549,1,1,2.7569861964282793e-06,24.580920890081437,0,0,0,0.6297782331410458,1.4761621514266328,0.00046728087477290443,-8.686076885786953e-07,0,0.05,0.02,0.0,0,0.0,0.0,0,1.1540557753387568,0.6597222222222222,2.4566843767527726,1.181058021231646,0.6076388888888888,2.0710832442502234,0.0,0.0001462578746758394,0.00019693892228009392,2.0112613569888516,1.610209815212682,1.0,0.9371992129839148,1.0,3,1,0,0.0,0.0,0.0,0,0.03819444444444445,21,0.04027777777777778,21,-0.43020235179485683,0.8505649765817453,0.002760607891434619,-0.00016682113067656434,0.02527014055862309,-0.00016682113067656434,-1
2024-05-21 22:50:00+00:00,1.08569,1.08574,1.08567,1.08574,34.0,22,1,0,0,0,0,0,1.0,7.00000000000145e-05,-1,3.0,1.0,0.0,1.0855847668814465,1.0855139049421287,1.0857063954521573,1.0857636661775474,1.0860466214491418,1.0833215558177345,1.0859277834720689,1.083557047260584,0,1,5.280967394716285e-07,27.67287777889083,1,0,0,0.2826637306924552,3.6578890468844913,9.162576742466864e-05,-3.5270925971474932e-06,0,0.035,0.025,0.0,0,0.0,0.0,0,1.2309420721583293,0.5902777777777778,1.773871871631266,1.2644624487055436,0.5972222222222222,1.7345349479487533,0.0,0.00010235192521309725,0.00016114194557442123,1.6235222650084802,1.0271533246859648,1.0384741478144763,1.033947331923187,0.9230380181850304,0,0,0,0.0,0.0,0.0,0,0.041666666666666664,4,0.04027777777777778,4,0.33026164686384557,-0.7313324969009453,0.0009126526849503325,-0.0015082124004488495,0.004031885183746642,-0.0033230520672690167,-1
2025-07-06 22:00:00+00:00,1.17792,1.178,1.17757,1.17783,230.0,22,6,0,0,0,0,0,1.0,0.00042999999999993044,0,-35.2,1.0,0.0,1.177898798646372,1.177807001543174,1.1775683905217122,1.1778640380420027,1.1775562892857383,1.1725531388295352,1.1773183384498294,1.1731187074414278,1,1,-3.7099304958765343e-06,12.414383460091951,-1,0,0,1.635663132524552,6.961466735158295,0.0002772453190254572,-9.234440922315992e-06,0,0.05,0.01,0.0,0,0.0,0.0,0,1.1501854804581977,0.6111111111111112,2.2376424406176967,1.1402337513461722,0.5798611111111112,2.1380976006566317,0.0,0.00011369286953874359,0.00016897293054348028,1.8347910371504068,1.3137583911101078,1.0,1.0,0.9934571541331859,0,0,0,0.0,0.0,0.0,0,0.013888888888888888,64,0.034027777777777775,64,0.8210088721885868,-0.7340164916683397,0.002024756476243006,-0.0007211456883972067,0.00593570647717967,-0.0040250636315207755,-1
2024-09-24 14:10:00+00:00,1.11546,1.11592,1.11545,1.11552,920.0,14,1,0,1,1,1,0,1.0,0.00046999999999997044,1,340.6,1.0,0.0,1.1141052895791215,1.1136968307098247,1.1127379742468066,1.1128733284436183,1.1131920383899268,1.1119523591636187,1.1134226734141084,1.1121537256935117,0,1,1.3590681664732429e-05,25.19834175530778,1,0,0,0.6288354629262821,0.6682022784188686,0.0004906421819913676,1.1137926899018e-05,0,0.055,0.02,0.0,0,0.0,0.0,0,1.1697739228524577,0.5694444444444444,2.5844876176917353,1.1819234990884648,0.5729166666666666,2.38873531999281,0.0,0.00015002358406737847,0.0002041438704837075,2.060322792832266,1.6301958570116712,1.1294512514552384,1.0836890460903184,1.0923318807720988,3,0,0,0.0,0.0,0.0,0,0.04513888888888889,2,0.049305555555555554,2,1.5972615660421803,-0.355457421363994,0.004647141467632121,0.0,0.007669168857212583,-0.0028425851434700222,0
2024-09-30 19:10:00+00:00,1.11258,1.11258,1.11218,1.11225,317.0,19,0,0,0,1,0,0,1.0,0.00039999999999995595,-1,48.6,1.0,0.0,1.1134340935602174,1.1144100459942767,1.116175024168958,1.116068966969446,1.1163374321067787,1.1148212015041508,1.1159808573925263,1.114808666373104,0,1,8.253122668389068e-06,38.66215124458633,0,0,0,-0.5887838890070232,2.239927777561952,0.0006100353708983991,-1.1251960463845481e-05,0,0.08,0.035,0.0,0,0.0,0.0,0,1.0,0.5347222222222222,2.3744349407967755,1.1064353904337112,0.5416666666666666,1.9714443552835696,9.332503151793188e-05,0.0002580850564205346,0.00035704000830853364,1.9715517278039814,1.4950041005705992,0.9501514505494406,1.0,1.0,3,1,0,0.0,0.0,0.0,0,0.0625,6,0.05347222222222222,6,-0.8167197197782267,-0.12093304752710393,0.0006027456413393306,-0.00741593488969805,0.0017021506538419384,-0.008000214052550025,-1
2023-03-22 07:50:00+00:00,1.07647,1.07679,1.07632,1.07636,612.0,7,2,1,1,0,0,1,1.0,0.00046999999999997044,1,-58.6,1.0,0.0,1.0764710345062622,1.0766959729097278,1.0764851606030175,1.0763370905974483,1.0738878603809008,1.0681408788314732,1.0722430092245083,1.0684110873468369,1,1,5.4385776917076354e-06,19.740509142772733,1,0,0,-0.39753459743221975,0.43600499927321534,0.0003655939563447459,5.3766558475724665e-06,0,0.05,0.015,0.0,0,0.0,0.0,0,1.253398452388107,0.6736111111111112,2.464469598525485,1.177628641001251,0.5868055555555556,2.0884031478107214,0.0,0.00010517735022328122,0.00014103130263423068,2.0354351829567294,1.6420830697957174,1.0,1.0,1.0,2,0,0,0.0,0.0,0.0,0,0.041666666666666664,10,0.041666666666666664,10,-0.25292313552773854,0.04395777482672503,0.004170204032130087,-0.0018731801405811321,0.022932248652861142,-0.0018731801405811321,1
2023-05-03 04:25:00+00:00,1.10245,1.10245,1.10235,1.10236,129.0,4,2,1,0,0,0,0,1.0,9.999999999998899e-05,0,-49.9,1.0,0.0,1.102590846791387,1.1021779086128947,1.1004716463065893,1.100374304150478,1.0997761961753922,1.0998064147085485,1.1004747557001882,1.1000871934200553,0,1,-4.370090150995764e-06,27.61868578047197,-1,0,0,-0.2292882295531033,0.068886574553621,0.00017073064898656865,-2.1931820081273196e-06,0,0.015,0.01,0.0,0,0.0,0.0,0,1.2822536841646368,0.4861111111111111,2.836860333788238,1.2521822337030435,0.5069444444444444,1.6192286108446843,0.0,9.443041782156313e-05,0.00012023714881684664,2.180441337990187,1.9616585060234524,1.071553261024964,1.0,1.0,0,1,0,0.0,0.0,0.0,0,0.052083333333333336,28,0.04375,28,0.7048379942069941,0.17147024875287997,0.007328618162545375,-0.0005258672275917364,0.007328618162545375,-0.006327858804016651,0
2023-08-28 12:35:00+00:00,1.08039,1.08097,1.0803,1.08034,554.0,12,0,0,1,1,1,1,1.0,0.0006699999999999484,1,-8.9,1.0,0.0,1.0806767364580796,1.080818873950997,1.0806486509911948,1.0804552505578138,1.080859698816088,1.08553245275898,1.081345505339603,1.084866848771836,-1,-1,-7.490570805623875e-07,17.478780610604325,0,0,0,0.14236269087469922,0.09804190016941058,0.00038673389662031494,8.412816642735718e-06,0,0.055,0.01,0.0,0,0.0,0.0,0,1.1552011611469921,0.5763888888888888,2.6627077517089695,1.1827886182598255,0.5520833333333334,1.2415886690549152,0.0,0.00013382619832456096,0.00017752773397946436,2.0865076738754014,1.762672730926221,1.0,1.0,1.0,3,0,0,0.0,0.0,0.0,0,0.04513888888888889,25,0.04027777777777778,25,-0.165896924222722,-0.4171233296386812,0.003054639988858465,-0.00261270160731919,0.003101207056638966,-0.011519493471676912,1
2024-06-25 20:00:00+00:00,1.07159,1.07159,1.07134,1.07137,93.0,20,1,0,0,1,0,0,1.0,0.0002500000000000835,-1,17.9,1.0,0.0,1.0715315497974023,1.0712899880769744,1.0716807927618153,1.0716895142529,1.0717482694472587,1.0731342019180568,1.0714935791562636,1.0727260131818388,-1,-1,-2.4094996525558797e-06,18.017403968574843,-1,0,0,-0.3095594341357657,1.2814606429548487,0.00015393331518447374,-6.438921970316277e-08,0,0.095,0.03,0.0,0,0.0,0.0,0,1.0911376381372087,0.5138888888888888,2.557692039908667,1.2081793261547653,0.5486111111111112,2.2751301432159368,0.0,0.0001308805362365512,0.00017108263129657274,2.048366513554016,1.6921445948663083,1.090765463923375,1.0,0.9318284973583761,0,0,0,0.0,0.0,0.0,0,0.052083333333333336,7,0.041666666666666664,7,-1.3660453809672928,-0.02552573573807815,0.002085788577735226,-0.0028108973464012754,0.003597088606408949,-0.0036084631481051455,1
2025-05-29 04:00:00+00:00,1.12484,1.12484,1.1244,1.1245,233.0,4,3,1,0,0,0,0,1.0,0.00043999999999999595,0,-33.9,1.0,0.0,1.1248519096994616,1.1250944836763965,1.1277729999930002,1.1277545319924063,1.1307612744568711,1.1307307258519106,1.131092557072326,1.1305078780254434,0,1,-3.577771066409774e-06,11.919336457388921,0,0,0,-1.7488862846125022,13.451305833371784,0.0005067201142881779,-7.352734752468968e-06,0,0.06,0.025,0.0,0,0.0,0.0,0,1.0847765773363722,0.5972222222222222,1.5086343806520306,1.1043076538724803,0.5868055555555556,1.4160300966061792,0.0,0.00025790828521503095,0.00044721367101046775,1.5014768696046643,0.76036418274668,1.0,1.0,0.9670853775272727,3,1,0,0.0,0.0,0.0,0,0.052083333333333336,29,0.04583333333333333,29,-0.19735892238171115,-1.2721611962010781,0.0030953676529621443,-0.00835993580133687,0.0030953676529621443,-0.015065253569238712,0
2023-10-12 02:45:00+00:00,1.06228,1.06234,1.06224,1.06231,162.0,2,3,1,0,0,0,0,1.0,9.999999999998899e-05,0,-44.1,1.0,0.0,1.0623427038026965,1.0622364387205947,1.0615242577836634,1.061454741383417,1.060094095432127,1.0569172191025453,1.0591800348787477,1.057162763263392,1,1,-1.1943803694736132e-06,10.934402100405947,0,0,0,-0.3140821460600731,1.6596368642258708,0.0002066837722468643,-1.2529400848286911e-06,0,0.04,0.0,0.0,0,0.0,0.0,0,1.0485876715036642,0.5069444444444444,2.2958427347248938,1.1239815455494837,0.5243055555555556,1.8523138143125732,0.0,0.0001414119367089984,0.00019690374111052655,1.9268376919713406,1.4312723564029683,1.0,1.0,1.0,0,0,0,0.0,0.0,0.0,0,0.041666666666666664,32,0.0375,32,-0.09950387625757424,0.45043510662877106,0.003533068195773703,-0.0008089016808222604,0.012514535160792262,-0.0008089016808222604,1
2023-03-01 21:20:00+00:00,1.06669,1.06673,1.06665,1.06672,82.0,21,2,0,0,0,0,1,1.0,7.999999999985796e-05,-1,114.7,1.0,0.0,1.0661969204748791,1.066091964157252,1.064856646601779,1.0647800548439807,1.0623154595101154,1.062739511479963,1.0618196133930906,1.0626237149422642,0,-1,1.815287254647302e-06,28.394462019542168,1,0,0,-0.5743353041651516,2.4362904363006956,0.0002504792871286082,-7.849359820400826e-06,0,0.05,0.03,0.0,0,0.0,0.0,0,1.0271393952679801,0.5347222222222222,2.4336257684011837,1.1805013294981455,0.5069444444444444,2.15199872107128,0.0,0.00026661313802251975,0.0003721862935268943,2.0332529175464584,1.541667495659462,1.0166787411465554,1.0068863855852086,1.0,0,0,0,0.0,0.0,0.0,0,0.04861111111111111,4,0.04513888888888889,4,1.1308580306707683,1.223441884793326,0.00966389338482343,-0.0018340382527980426,0.012654382517396146,-0.0018340382527980426,1
2023-04-27 22:10:00+00:00,1.10263,1.10272,1.10256,1.10271,65.0,22,3,0,0,0,0,0,1.0,0.00015999999999993797,-1,-67.1,1.0,0.0,1.1026418451778532,1.102518517390545,1.1028207524202804,1.1028043484451897,1.1026787886556657,1.0998741896125053,1.1021339751966799,1.0999544003759258,1,1,4.36916018409228e-07,16.815902739410085,0,0,0,-0.19591847593176961,0.6571924013435426,0.00017740363707898573,1.94352588904802e-06,0,0.06,0.02,0.0,0,0.0,0.0,0,1.2124217871868785,0.5,1.5328840395942038,1.1320872716517747,0.5243055555555556,1.3762526111272515,0.0,0.00022126159779649709,0.00036620039054149087,1.4851705960818535,0.9062620976450211,1.0,1.0,0.8927903985636756,0,0,0,0.0,0.0,0.0,0,0.03125,44,0.043055555555555555,44,-0.42086351186749704,0.17615534902461125,0.0028374212206367933,-0.003055809201782833,0.007805002878894518,-0.0060123672682038665,1
2023-05-17 21:50:00+00:00,1.08405,1.08405,1.08405,1.08405,1.0,21,2,0,0,0,0,1,1.0,0.0,-1,13.4,1.0,0.0,1.083925596665494,1.0838671283760923,1.0840752915186507,1.0841152553608393,1.0854880350532161,1.0911998390370319,1.0862208450259057,1.0905665573132184,-1,-1,1.7818297584737409e-06,28.987791575802976,1,0,0,-0.2491550138391839,1.1653976689608343,0.00013735782334910933,-4.7549383202989985e-07,0,0.085,0.02,0.0,0,0.0,0.0,0,1.1209577349789406,0.5069444444444444,2.5850035294810416,1.1827886182598253,0.5034722222222222,2.260113425064941,0.0,0.00016587250261178993,0.00022808162959094049,1.9659135912125831,1.5443750785410062,0.9904139511707397,1.0,1.0,0,0,0,0.0,0.0,0.0,0,0.04513888888888889,61,0.04513888888888889,61,0.2498831561645332,-0.19456958654783546,0.002691603307619639,-0.0029248641041913492,0.002691603307619639,-0.014051841746248295,-1
2024-01-08 12:40:00+00:00,1.0939,1.09422,1.0939,1.09421,386.0,12,0,0,1,1,1,1,1.0,0.00031999999999987594,0,175.1,1.0,0.0,1.0941321046287626,1.0939975188164002,1.0939848672461,1.0941189178823296,1.0941803395397047,1.096954707396752,1.0948987251679114,1.0969070625955832,-1,-1,3.188473427950811e-06,17.00417096472907,1,0,0,-0.33089037468216587,1.085346873956002,0.00037882541286051764,7.545674442813579e-07,0,0.055,0.02,0.0,0,0.0,0.0,0,1.1249411464165928,0.5347222222222222,2.4290714124324904,1.1050880718615215,0.5104166666666666,1.12407264811286,0.0,0.0001430838551274579,0.00019630409502332152,2.0116881009849825,1.56031711509915,1.0,1.0,1.0,3,0,0,0.0,0.0,0.0,0,0.04861111111111111,18,0.04722222222222222,18,0.29428887962111927,-0.35444586158145874,0.004083467919541839,-0.004539665211062638,0.0042585607166130135,-0.012008920912678023,0
2024-08-01 22:10:00+00:00,1.07912,1.07922,1.0791,1.07911,115.0,22,3,0,0,0,0,0,1.0,0.00012000000000012001,-1,-14.5,1.0,0.0,1.07905262070028,1.0789864113331888,1.0796076560850163,1.0796947309490434,1.0808601443564574,1.0834827441403678,1.0813379958301204,1.0833017917811942,-1,-1,-6.523033877270379e-07,26.058974856358684,0,0,0,1.1263538022875923,10.171341640482167,0.00014228912465152918,-3.6018858741645984e-06,0,0.095,0.03,0.0,0,0.0,0.0,0,1.2906607493818514,0.5486111111111112,2.0724345418139043,1.2486769437997531,0.5451388888888888,1.8853821988143569,0.0,0.00017147046057920743,0.0002553992579873964,1.6890919157671893,1.2988008472904888,0.9836981876707932,1.0,1.0,0,0,0,0.0,0.0,0.0,0,0.04513888888888889,89,0.04652777777777778,89,-0.4627487776583026,-0.23492443527575652,0.0012340180741896578,-0.004033300107062376,0.0012340180741896578,-0.007212843277059733,1
2024-05-28 07:50:00+00:00,1.08772,1.0879,1.08768,1.08787,201.0,7,1,1,1,0,0,1,1.0,0.000220000000000109,0,147.3,1.0,0.0,1.0876286045776626,1.0875636195197913,1.086754639547981,1.0866504267366268,1.0855973446694671,1.0840811178563396,1.0853188970710785,1.0842592234866293,1,1,4.220761639772696e-06,18.794360217532617,1,0,0,0.2428471067162031,0.8899477427965999,0.0002075417352563037,6.460306263503886e-07,0,0.025,0.01,0.0,0,0.0,0.0,0,1.271782221599798,0.6319444444444444,2.5206496650424857,1.2410330740415465,0.5694444444444444,1.7421841649960743,0.0,7.034485343102952e-05,0.00010033207903218798,2.054169027328189,1.5511762836284892,1.0295442756142035,1.0,1.0,3,0,0,0.0,0.0,0.0,0,0.041666666666666664,52,0.04097222222222222,52,0.45060275272544636,0.4078223573007538,0.0032831939205575367,-8.272362954531154e-05,0.006830234430674986,-8.272362954531154e-05,1
2025-05-30 13:00:00+00:00,1.13463,1.13478,1.13407,1.13419,643.0,13,4,0,1,1,1,0,1.0,0.0007099999999999884,1,-26.6,1.0,0.0,1.134192847652457,1.1338060650285682,1.1342151584003355,1.1338113283344475,1.1331200577861453,1.1315614150303301,1.1329950811694551,1.1315972851191929,1,1,-1.507516113297136e-05,17.605129050295233,-1,0,0,0.17396370707816347,2.1085509499674653,0.0007797294771884029,1.732578773264922e-05,0,0.08,0.015,0.0,0,0.0,0.0,0,1.1501854804581977,0.5347222222222222,2.255813808843211,1.169291526662458,0.5208333333333334,2.1481903840445256,0.0,0.00023519517148226413,0.0003198084566399265,1.8973187191739886,1.4553699079820286,0.8529975876133546,1.0,1.0,3,0,0,0.0,0.0,0.0,0,0.027777777777777776,10,0.04027777777777778,10,-1.522927524103605,-0.473582475918568,0.001598403362828904,-0.0038469307991604307,0.011739204124778135,-0.006577910134010656,0
2025-06-05 20:00:00+00:00,1.1438,1.14412,1.14352,1.14406,318.0,20,3,0,0,1,0,0,1.0,0.0005999999999999339,0,37.9,1.0,0.0,1.1438783587926358,1.1440813276736757,1.1434297959794428,1.1432835888230175,1.1417836733819426,1.1374924922732472,1.1409719379231202,1.1377248432006033,1,1,3.281957298129079e-06,15.342799969866125,0,0,0,1.0142216512383826,3.2220892174415283,0.000499166667191813,3.21959266169603e-08,0,0.065,0.025,0.0,0,0.0,0.0,0,1.0511133695519363,0.5208333333333334,2.31226827598725,1.0894432129154943,0.5104166666666666,2.0078290060237434,0.0,0.00028209160204165854,0.0003975037620947017,1.8772100836774612,1.4280491465213996,0.955605880641587,1.0,1.0,2,1,0,0.0,0.0,0.0,0,0.04513888888888889,52,0.04236111111111111,52,-0.11605807294768405,0.1417677794688398,0.0030422851331328715,-0.0045073265810448016,0.010903757113066792,-0.0045073265810448016,-1
2023-02-08 20:20:00+00:00,1.0713,1.07149,1.0713,1.07143,303.0,20,2,0,0,1,0,0,1.0,0.0001900000000001345,-1,-131.2,1.0,0.0,1.0722328447465417,1.0726302118815085,1.073089271802776,1.0729940921997119,1.0739702961560287,1.0809124547626332,1.075198428756814,1.0803257229926322,-1,-1,-6.332893038218934e-06,16.97853632004407,-1,0,0,0.2169786991578463,1.0935604105688606,0.00035841725964964817,-2.410722597419101e-06,0,0.06,0.025,0.0,0,0.0,0.0,0,1.0881715090855733,0.5833333333333334,2.5891675106548613,1.1689323883091989,0.5868055555555556,2.2432996592009333,0.0,0.00025940278183707544,0.00034309365677911833,2.0665720707058104,1.676551763349404,1.0,1.0,1.0,0,0,0,0.0,0.0,0.0,0,0.017361111111111112,4,0.035416666666666666,4,-0.33393416166459045,-1.292180883918173,0.0001306835684082852,-0.004191683551127201,0.00411418503523775,-0.028340044255813157,0
2024-01-10 01:40:00+00:00,1.09312,1.09333,1.09312,1.09314,202.0,1,2,1,0,0,0,0,1.0,0.00020999999999982144,0,4.6,1.0,0.0,1.093038436317249,1.093040978225215,1.0934277841171962,1.0935539580239615,1.0941213392294766,1.0961884750746005,1.094213550270928,1.096006519063058,-1,-1,3.653187946150993e-07,17.221957161931883,0,0,0,-0.1072243284014554,2.2403927367091714,0.00019179836596540297,2.3761249285085592e-06,0,0.055,0.005,0.0,0,0.0,0.0,0,1.2318198266012015,0.5069444444444444,2.6052663419835733,1.1402337513461722,0.5138888888888888,2.527906064371738,0.0,0.00014471525058743095,0.00020339089771652684,2.063201958844163,1.6637409296776446,0.9372642446519691,1.0,1.0,0,0,0,0.0,0.0,0.0,0,0.052083333333333336,20,0.044444444444444446,20,-0.29736389975255445,0.789258302661842,0.0018237639188012356,-0.0030279262353392067,0.0032765219306700732,-0.005513100436681184,0
2023-11-17 18:45:00+00:00,1.08975,1.08976,1.08964,1.08973,248.0,18,4,0,0,1,0,0,1.0,0.00012000000000012001,-1,80.2,1.0,0.0,1.089119593884969,1.0884559103328793,1.0868426897166106,1.0868728881204763,1.0853959743946449,1.0775048979120165,1.084112514652792,1.0779856114739919,1,1,7.020297737803105e-07,30.680240756914326,1,0,0,-0.15685915227607364,0.8169908658344006,0.00030809197296094833,-1.000374372359538e-05,0,0.065,0.02,0.0,0,0.0,0.0,0,1.0342186921485217,0.5277777777777778,2.407877564771252,1.1172521142623568,0.5486111111111112,2.0518679418629717,0.0,0.00024700872503418693,0.0003125743812629683,1.9707875436140976,1.6366172176785017,0.9643760902693111,1.0,1.0,1,0,0,0.0,0.0,0.0,0,0.04861111111111111,12,0.043055555555555555,12,0.6390002370607045,0.9915777805088969,0.0064558435081367715,-1.835283321849346e-05,0.021618682441617354,-1.835283321849346e-05,0
2023-12-18 20:45:00+00:00,1.09141,1.0916,1.09137,1.09159,123.0,20,0,0,0,1,0,0,1.0,0.00022999999999995246,-1,-66.0,1.0,0.0,1.091702320671485,1.0918819109442393,1.0918433659326805,1.091557384563381,1.091571046120354,1.0870482193413002,1.0907330006425826,1.0874637883605256,0,1,5.770777756985978e-07,21.49454604991383,0,0,0,0.10870473432798688,-0.15494661537585397,0.00024689152114712947,-2.4551281211152607e-06,0,0.06,0.015,0.0,0,0.0,0.0,0,1.117252114262357,0.5277777777777778,2.698518772753235,1.1547717145751626,0.5729166666666666,2.4419571504151847,0.0,0.00018423764915578305,0.00023337048134659105,2.1035475451620997,1.8157723360460876,1.0,1.0,0.9956348074385694,1,0,0,0.0,0.0,0.0,0,0.027777777777777776,18,0.03680555555555556,18,1.7054718149007757,0.5142396168933459,0.002175868970455852,-0.0012717524565866167,0.014517133377324631,-0.008204466573385805,1
2023-03-31 15:50:00+00:00,1.08729,1.08752,1.08719,1.0874,379.0,15,4,0,1,1,1,0,1.0,0.00032999999999994145,-1,267.8,1.0,0.0,1.087257882626702,1.0877240372636412,1.088653826309388,1.0885696911783476,1.0875656508818783,1.081799732919799,1.0860183828055165,1.081854026370255,1,1,1.7338206790751266e-05,23.043732618751143,1,0,0,-0.46950503792277304,4.033402308921328,0.0006289355513961979,-1.7307354292066627e-05,0,0.11,0.045,0.0,0,0.0,0.0,0,1.0511133695519363,0.5,1.9772150135057118,1.1553442905235949,0.5451388888888888,1.688486540886133,0.0,0.00024045929684998515,0.0003481162374022149,1.6884142298301028,1.1190748558989756,1.0,1.0,1.0,2,0,0,0.0,0.0,0.0,0,0.03819444444444445,12,0.03888888888888889,12,-1.31221154619346,0.5264740134582031,0.0013167951232537778,-0.00450417460084962,0.011807836532645943,-0.00450417460084962,1
2023-10-31 10:45:00+00:00,1.06619,1.06658,1.06613,1.0664,263.0,10,1,0,1,0,0,0,1.0,0.00045000000000006146,0,23.2,1.0,0.0,1.065377525972962,1.0638228881556233,1.061501734738829,1.061748006599515,1.0597613706064881,1.0582898829073366,1.0592238614787415,1.0583761332526889,1,1,-1.8581244359983095e-05,63.43021559056958,-1,0,0,1.1101382760362863,11.111866857370757,0.0006216600009562104,5.495831104876273e-06,0,0.055,0.035,0.0,0,0.0,0.0,0,1.151763128983697,0.5069444444444444,1.6163789677152098,1.1909683813053071,0.5277777777777778,1.65653841991373,0.0,0.00017152585825627346,0.000275859903244741,1.470805181517539,0.9377875017531583,0.9812499088336442,0.9492691978790696,1.0,3,0,1,0.0,0.0,0.0,0,0.059027777777777776,8,0.04652777777777778,8,0.9345444472945402,0.3999569767147543,0.00849236821698085,-0.0004124329796407755,0.013187397864173667,-0.0004124329796407755,1
2025-04-18 17:00:00+00:00,1.1394,1.13944,1.13928,1.13928,323.0,17,4,0,0,1,0,0,1.0,0.00015999999999993797,-1,148.1,1.0,0.0,1.1391142201298854,1.138757625253872,1.1378036883481357,1.1378803088524752,1.1369085245964856,1.126100694863327,1.1362273621612855,1.1272145079707672,1,1,1.7776306360683946e-06,29.355326470031258,0,0,0,0.35497836476668654,1.5679024384946698,0.000245504689621461,-1.3347530996548902e-06,0,0.04,0.015,0.0,0,0.0,0.0,0,1.2516291673878228,0.5486111111111112,2.090567761498429,1.2397836828635784,0.5659722222222222,1.7283703147015377,0.0,0.00011437605753130316,0.00016946331465938642,1.7281398326653044,1.2291719109034749,1.0,1.0,1.0,0,0,0,0.0,0.0,0.0,0,0.013888888888888888,25,0.035416666666666666,25,1.0989460449767026,-1.2586594425870203,0.00446121563717794,-0.00028080028080013086,0.01109355863611361,-0.0026437888470629556,-1
2023-07-12 19:30:00+00:00,1.11353,1.11369,1.11349,1.11362,207.0,19,2,0,0,1,0,0,1.0,0.00019999999999997797,-1,0.8,1.0,0.0,1.1133961678207656,1.1125019360992006,1.107668139034118,1.107483876149497,1.103291244879051,1.0957313774935893,1.1011551500674928,1.0960843734345571,1,1,-2.8524688095110663e-06,32.51465662947911,0,0,0,2.300354115044072,13.268520694545979,0.00026831289935093014,-4.5621490098735494e-06,0,0.06,0.01,0.0,0,0.0,0.0,0,1.1547717145751626,0.5277777777777778,1.643682753932354,1.1964209471916636,0.5486111111111112,1.2974598313112393,0.0,0.0002615597246643038,0.00040677902756803614,1.5337254988769433,1.0301210862059,1.0,1.0,0.9447175644988173,1,0,0,0.0,0.0,0.0,0,0.05555555555555555,38,0.04236111111111111,38,1.5321755076114527,1.880311204693118,0.012013813158851416,-0.00026931916116057497,0.027893668081964362,-0.00026931916116057497,0
2023-04-26 04:10:00+00:00,1.09753,1.09754,1.09737,1.09742,160.0,4,2,1,0,0,0,0,1.0,0.00017000000000000348,0,-36.2,1.0,0.0,1.0975361212387045,1.0975339231765349,1.0985067846801446,1.0987561548440066,1.0997879239381816,1.097948255625923,1.0996895028985727,1.0981169930277903,0,1,-4.6256623842388933e-07,10.65601034131915,0,0,0,-0.04419650271314273,1.0308087723446073,0.00019336840957342685,-4.874338732936101e-06,0,0.045,0.005,0.0,0,0.0,0.0,0,1.207634749707381,0.5555555555555556,2.6722179511330526,1.1251188025804923,0.5347222222222222,1.9124152503771623,0.0,0.0001225204104024198,0.00015989144354445987,2.1163374896842737,1.7911809329087651,1.0,1.0,1.0,0,0,0,0.0,0.0,0.0,0,0.034722222222222224,69,0.04375,69,-1.1763873599123207,0.03327408997694414,0.0008207784627731751,-0.007560274195590355,0.0049909796056668565,-0.008340487055527812,1
2024-03-01 05:40:00+00:00,1.08131,1.08133,1.08117,1.08122,103.0,5,4,1,0,0,0,0,1.0,0.00015999999999993797,0,-16.1,1.0,0.0,1.081357726431081,1.0814160992884292,1.0816100504432549,1.0817097937182159,1.0824585638117517,1.0820127682401883,1.08254422505428,1.0820055569296627,0,1,1.1222705422309077e-06,24.599047284668856,0,0,0,-0.5275377559964481,2.9186142286051275,0.00012038618293457243,-2.4612408681321503e-07,0,0.025,0.005,0.0,0,0.0,0.0,0,1.2930563060602203,0.5069444444444444,2.4769433735835795,1.2305396428675828,0.5173611111111112,1.892447480360063,0.0,7.825582824980369e-05,0.00010929794430624276,2.000153875509245,1.607318246932883,1.0,0.9921804955408231,1.0,0,0,0,0.0,0.0,0.0,0,0.05555555555555555,58,0.044444444444444446,58,-0.45016135554607517,-0.6744213900279847,0.0014634507798896301,-0.003786866667280786,0.0014634507798896301,-0.004731396590448744,0
2023-09-03 22:35:00+00:00,1.07748,1.07755,1.07744,1.07744,87.0,22,6,0,0,0,0,0,1.0,0.0001100000000000545,-1,-17.9,1.0,0.0,1.077451627988514,1.077762664261443,1.0806383759519465,1.0777050835572803,1.0825018535025688,1.0853198114010107,1.082211722257815,1.0844262320471059,-1,-1,-5.219288935487398e-07,14.484780952674958,0,0,0,-1.6218960787108245,5.075417827436916,0.00017788949579543442,-4.977071210029846e-07,0,0.07,0.03,0.0,0,0.0,0.0,0,1.220563495236449,0.4791666666666667,1.4939817283515036,1.215667631457635,0.4791666666666667,1.2968502283476575,0.0,0.00024278637330210474,0.00046565987177975564,1.4741065562564912,0.7930783602635979,1.0,1.0,0.9956348074386667,0,0,0,0.0,0.0,0.0,0,0.052083333333333336,39,0.041666666666666664,39,-0.18107509149802153,-0.1705969526363876,0.00025065681368774406,-0.00969678030128962,0.00025065681368774406,-0.015569037351070736,-1
2025-03-03 09:00:00+00:00,1.04015,1.0409,1.04012,1.0409,528.0,9,0,0,1,0,0,1,1.0,0.0007800000000000029,1,189.9,1.0,0.0,1.0401172013291398,1.040584502099477,1.04057318498438,1.0409787038160927,1.0414323606709381,1.0443322214572546,1.042482376096876,1.0441685390184592,-1,-1,1.1232345478373596e-05,25.783326360020727,1,0,0,0.07377472038151453,2.682163040136529,0.00044631387416256275,1.004843810112896e-05,0,0.035,0.025,0.0,0,0.0,0.0,0,1.1235193603355311,0.5625,1.4695225202561075,1.1089858620939388,0.5381944444444444,1.4278723587005864,0.0,0.00019909392681999547,0.0003464695302266913,1.4045276360076315,0.7907361894920413,1.0861566437497205,0.9167168672479171,1.0,0,1,0,0.0,0.0,0.0,1,0.052083333333333336,0,0.04375,0,0.2730739540703073,-0.6029710412357321,0.004661847172488187,-0.0012665272207402767,0.004661847172488187,-0.010955597997016508,1
2023-05-18 02:50:00+00:00,1.08462,1.08471,1.08456,1.08468,183.0,2,3,1,0,0,0,0,1.0,0.0001500000000000945,0,61.5,1.0,0.0,1.084436280980276,1.084217787612281,1.084098046865601,1.0841636542396282,1.085256428454676,1.0908582853122273,1.0860074312139145,1.0903082609479942,-1,-1,-1.9242794965457223e-06,21.86186767672415,0,0,0,-1.4141264989722933,6.599442963414885,0.00019526203571836316,-2.8275218101781884e-06,0,0.04,0.005,0.0,0,0.0,0.0,0,1.1668706404855456,0.5208333333333334,2.3243603403618174,1.1691478787053755,0.4965277777777778,2.2816094848511024,0.0,9.918022922592184e-05,0.00014237264473279592,1.8866057984185498,1.4093197685903807,0.9769163868868029,0.881526530120191,1.0,0,0,0,0.0,0.0,0.0,0,0.04861111111111111,17,0.04513888888888889,17,0.2152450317002362,-0.039872893041333984,0.0032743215494757116,-0.0021985704692428776,0.0032743215494757116,-0.012239099551961452,-1
2025-01-03 01:00:00+00:00,1.02728,1.02728,1.02701,1.02703,184.0,1,4,1,0,0,0,0,1.0,0.00026999999999999247,0,30.6,1.0,0.0,1.0268488848573323,1.026659152786668,1.0288841280143104,1.0291304737942892,1.0332116973252867,1.039118862817436,1.0343504938511077,1.0383985513313148,-1,-1,1.6218011674506982e-06,28.939589910804784,1,0,0,0.5585371241530998,2.1576576141768116,0.00016802029806402865,1.6916427816104061e-06,0,0.045,0.025,0.0,0,0.0,0.0,0,1.1825002850236155,0.5,1.2930078165768215,1.1402337513461722,0.4965277777777778,1.2749592675392574,0.0,0.00022923543840853294,0.0004297798154565002,1.399141820736218,0.7568629949460531,1.0,1.0,0.9394584580649994,0,0,0,0.0,0.0,0.0,0,0.059027777777777776,47,0.049305555555555554,47,-0.1279175674099492,-1.0669646302275775,0.0029883687998673025,-0.01003431523750753,0.0029883687998673025,-0.017882244938942082,1
2023-08-24 14:35:00+00:00,1.0841,1.08427,1.08362,1.0842,834.0,14,3,0,1,1,1,0,1.0,0.0006500000000000394,1,405.7,1.0,0.0,1.0837987226366756,1.084049296162575,1.0851508638135825,1.0850707016643208,1.0856393282760488,1.0887812822033214,1.0859418317593474,1.0884847378183307,-1,-1,-1.9173312527653863e-06,17.613683739243864,0,0,0,-0.7931345223863248,1.5957062794612145,0.0005976039618012436,2.3298331528305074e-06,0,0.07,0.02,0.0,0,0.0,0.0,0,1.151763128983697,0.5069444444444444,2.460077119062986,1.1957481543972945,0.5590277777777778,2.287945892444782,0.0,0.00016696872103358815,0.00022696152751326462,1.9844432386447444,1.5690789880772487,1.0,1.0,1.0,3,0,0,0.0,0.0,0.0,0,0.024305555555555556,11,0.03958333333333333,11,-0.4923945549590883,0.1385474901330287,0.002274113927561272,-0.0031628112243020645,0.003535792961735895,-0.007987702780598904,-1
2023-03-31 05:50:00+00:00,1.08995,1.08996,1.0897,1.08976,216.0,5,4,1,0,0,0,0,1.0,0.000260000000000149,0,-51.6,1.0,0.0,1.0901546876618482,1.0904321182784158,1.089941134727162,1.0896193739502853,1.0873194037012401,1.0811346584179988,1.0858114870283457,1.0814299719237956,1,1,-1.5062265086740467e-06,22.45172345486882,0,0,0,-0.7527490427547591,2.9026410826506104,0.0002452426544048674,9.374362094288997e-07,0,0.05,0.02,0.0,0,0.0,0.0,0,1.2318198266012015,0.5902777777777778,2.2122904193539514,1.194228509732272,0.5520833333333334,2.1689640830836945,0.0,0.00010727537176845403,0.0001543036412380602,1.914195958299385,1.3998894433008695,1.0,1.0,1.0,2,0,0,0.0,0.0,0.0,0,0.04513888888888889,47,0.0375,47,-0.03899580358549215,0.022608154420201868,0.006409190816571764,-0.002343635564669544,0.016624064779745318,-0.002343635564669544,1
2024-03-21 13:40:00+00:00,1.08995,1.09011,1.08966,1.08966,596.0,13,3,0,1,1,1,0,1.0,0.0004499999999998394,1,-143.1,1.0,0.0,1.0904090079092192,1.0909056858769115,1.0912919561367296,1.0909118473541544,1.0894816183327993,1.089178195170455,1.0889639786426852,1.0892136479541097,1,-1,-6.3329977005421865e-06,23.09023580434833,-1,0,0,-0.9721853476242089,3.425715768608989,0.0003879976154889979,1.2837146945952666e-06,0,0.065,0.015,0.0,0,0.0,0.0,0,1.1964209471916636,0.4930555555555556,2.070645749885232,1.229514921891716,0.4895833333333333,1.3698916263115717,0.0,0.00014240988203204693,0.0002019010665079979,1.7663502410868441,1.3384599739595853,0.9066495236652626,1.0,1.0,3,0,0,0.0,0.0,0.0,0,0.05555555555555555,5,0.04513888888888889,5,0.10757587027842297,0.4677444384003062,0.005091593336653988,-0.00412184578264807,0.005536791982725164,-0.00412184578264807,-1
2025-02-05 12:00:00+00:00,1.04144,1.04144,1.0411,1.04128,362.0,12,2,0,1,1,1,1,1.0,0.00034000000000000696,0,-71.4,1.0,0.0,1.0415385304938585,1.0410185179488285,1.038871542161971,1.0387526656133526,1.0359574091316226,1.0371568937869684,1.036044321642009,1.0372543435916424,0,-1,-4.9625566126199064e-06,16.301147670073288,-1,0,0,0.6928613570074634,1.2002472547426153,0.0004100481570045304,-1.0966307951721997e-05,0,0.035,0.015,0.0,0,0.0,0.0,0,1.0527955181875976,0.5833333333333334,2.5386756407285698,1.0720625674810618,0.6076388888888888,2.145491704085733,0.0,0.0002083657217070773,0.00027377283052403505,2.0183499138947463,1.6410870537771216,0.791891804669892,1.0,1.0,3,0,0,0.0,0.0,0.0,0,0.024305555555555556,5,0.034722222222222224,5,0.33596752034815414,0.4674075130114408,0.008943365147037419,-0.0016108000306820358,0.019643171892442357,-0.0041696951149534645,-1
2025-06-03 00:00:00+00:00,1.1453,1.14544,1.14472,1.14479,361.0,0,1,1,0,0,0,1,1.0,0.0007200000000000539,1,-25.8,1.0,0.0,1.1448612144420989,1.144397729384926,1.1425348493096381,1.1423339238376247,1.1391388495909638,1.1340677291057637,1.138170337994927,1.1345546764144276,1,1,-6.799255651102065e-06,25.24164153019302,-1,0,0,-0.6834954602181472,0.7218015318474365,0.00025789005930587926,2.2101966956436942e-06,1,0.035,0.005,0.0,0,0.0,0.0,0,1.151763128983697,0.5069444444444444,2.104061254963472,1.1057972935678695,0.4618055555555556,2.172910937377353,0.0,0.00018154939728995016,0.00025535386887045436,1.7013682078097936,1.3839822213615112,1.0344883763852581,1.025686643663627,0.9892201612467664,0,0,0,0.0,0.0,0.0,0,0.052083333333333336,4,0.04791666666666667,4,0.4740084343688004,0.2472191445499675,0.008110392926962362,-0.0005063865825017944,0.021194794073307488,-0.0005063865825017944,-1
2024-07-18 01:10:00+00:00,1.09355,1.09361,1.09345,1.09361,180.0,1,3,1,0,0,0,0,1.0,0.00015999999999993797,1,-112.5,1.0,0.0,1.0938233402555588,1.093846354804087,1.0932172527946333,1.0930506364180483,1.0916659738112993,1.0869730228091317,1.0909497201602762,1.087425379639566,1,1,-2.7553044400940864e-06,24.8590539021812,-1,0,0,-0.004657317719151933,1.4318231619295836,0.00012301887026951755,2.9734056642954375e-06,0,0.025,0.005,0.0,0,0.0,0.0,0,1.3119948950346463,0.5625,2.2328046127532835,1.248676943799753,0.5243055555555556,2.160155868620308,0.0,9.214936650940818e-05,0.0001333210404953704,1.959560198420015,1.496726012317619,1.0353330731122465,1.0336831262562576,1.0336831262562576,0,0,0,0.0,0.0,0.0,0,0.04861111111111111,25,0.03958333333333333,25,0.2107746585560951,0.36010708243106,0.0036249839399444816,-0.0007492484672386723,0.009535854072815875,-0.0007492484672386723,-1
2023-07-07 08:30:00+00:00,1.08779,1.08801,1.08769,1.08779,393.0,8,4,1,1,0,0,0,1.0,0.00031999999999987594,1,19.7,1.0,0.0,1.0879361802191656,1.0884141426076916,1.0883726639002493,1.0881424785834772,1.0879007251868809,1.0890434537795965,1.0881870002226997,1.089064136009487,0,-1,3.6163480771289614e-06,36.46227494953163,0,0,0,-0.4723771094855658,3.090099538988577,0.0004926891314521879,8.917613260185034e-07,0,0.06,0.02,0.0,0,0.0,0.0,0,1.3691424330717252,0.5416666666666666,2.0308262087249442,1.257796761745125,0.53125,1.2496815728280777,0.0,0.00010562525063528067,0.000166297861365527,1.817567707772848,1.0580681105130254,1.0,1.0,1.0,3,0,0,0.0,0.0,0.0,0,0.03819444444444445,8,0.04652777777777778,8,0.17075741753342508,0.5758755898617434,0.003551857113862411,-0.001926799952288727,0.0040520583348717665,-0.004730273752012737,0
2023-03-07 09:20:00+00:00,1.06596,1.06647,1.06582,1.0662,669.0,9,1,0,1,0,0,1,1.0,0.0006500000000000394,1,-236.2,1.0,0.0,1.067194025894929,1.0678100078841464,1.0677397466999619,1.0673759820931776,1.0657150311403893,1.0635927098321363,1.0649181191158077,1.0636467514158343,1,1,-4.545487419127525e-06,31.510620443919116,-1,0,0,-0.17346719839220062,1.8121344901849408,0.0004952355402453099,3.754562114858254e-06,0,0.06,0.015,0.0,0,0.0,0.0,0,1.0915610341506863,0.5555555555555556,2.2715449476524916,1.0913846293564338,0.5138888888888888,2.4097088208131883,0.0,0.00013267745503891322,0.0001827596649097803,1.963475219740886,1.4796388815065429,0.9857861407802844,1.0140555952214219,1.0140555952214219,3,0,0,0.0,0.0,0.0,0,0.04513888888888889,3,0.04652777777777778,3,-0.5899178099707495,0.15127364374355842,0.003576807228915735,-0.0029363906708810283,0.00917170684612545,-0.0029363906708810283,1
2025-08-26 19:00:00+00:00,1.16436,1.16454,1.16423,1.16439,195.0,19,1,0,0,1,0,0,1.0,0.00030999999999981043,0,61.5,1.0,0.0,1.1642243257636342,1.164578820594432,1.164453394368206,1.1644573811985448,1.1651895704578357,1.16531341641321,1.1654615040127403,1.1654791586346693,-1,-1,1.1164100310234737e-05,28.735201862696673,1,0,0,0.06514915486237356,0.8768652308482885,0.0003342638257380241,-1.9314355259846807e-07,0,0.045,0.0,0.0,0,0.0,0.0,0,1.0525152515507228,0.5,2.5826549180202596,1.0915610341506863,0.5069444444444444,2.226120427325586,0.0,0.00021518872080725611,0.0002913132371846538,2.0692219865819586,1.649083098379261,1.0,0.8575557349798036,1.0,0,0,0,0.0,0.0,0.0,0,0.059027777777777776,16,0.04722222222222222,16,1.6001630328759793,0.2613648884924046,0.003499004593520816,-0.0015777333802080573,0.005214313463115738,-0.008312396201507477,1
2023-01-20 16:00:00+00:00,1.08309,1.08369,1.08291,1.08333,880.0,16,4,0,0,1,0,1,1.0,0.0007800000000000029,1,214.5,1.0,0.0,1.0827986119180268,1.0825721173434886,1.0828328090590995,1.0826183717194777,1.0821362580392162,1.078762080483192,1.0821993178329388,1.079214637227148,1,1,-7.867531475480583e-06,25.846942816937506,-1,0,0,-0.04870636594876467,-0.11353162421136603,0.0007229427635127343,9.007303353010336e-06,0,0.07,0.02,0.0,0,0.0,0.0,0,1.090431791292553,0.4583333333333333,2.660398126197651,1.1819234990884648,0.5104166666666666,2.5018777142417243,0.0,0.00023684509201523897,0.0003092523357742195,2.1061894557240075,1.8022307690953505,0.9550525939460309,1.0,1.0,3,0,0,0.0,0.0,0.0,0,0.041666666666666664,4,0.044444444444444446,4,0.3241994927217013,-0.49412244980986986,0.003826908821349173,-0.0019163265494145376,0.006073607667233194,-0.004530167423226206,0
2023-11-23 23:45:00+00:00,1.09055,1.09056,1.09048,1.09053,52.0,23,3,0,0,0,0,0,1.0,8.000000000008001e-05,0,0.9,1.0,0.0,1.0905268652126854,1.0905152848243156,1.090460830114704,1.0904768786425911,1.0905749641008915,1.086347932739358,1.090540962442832,1.0867564268525276,0,1,-9.82537181637433e-07,12.360344261925562,-1,0,0,0.17692898614971866,2.7229109391104935,0.00011284667255986488,-2.331781202824328e-07,0,0.035,0.005,0.0,0,0.0,0.0,0,1.34401871593316,0.5763888888888888,2.436036038632691,1.2729710396519427,0.5590277777777778,1.5870401404414447,0.0,9.076154462390478e-05,0.0001336494531164134,2.0276123005969944,1.4524803290880606,1.0,1.0,1.0,0,0,0,0.0,0.0,0.0,0,0.027777777777777776,102,0.04097222222222222,102,0.2615024965533963,-0.9596850392519264,0.0016073035875014963,-0.0016478536705940572,0.007194709717937897,-0.005417384880571308,1
2024-09-08 21:10:00+00:00,1.10824,1.10824,1.10815,1.10819,52.0,21,6,0,0,0,0,1,1.0,8.999999999992347e-05,-1,-90.5,1.0,0.0,1.1084822924733042,1.1085511187728367,1.1094951040990697,1.1083977640417706,1.1091147187023442,1.1084545731629818,1.1087118452033102,1.108473601589203,0,1,-4.499443170735695e-06,16.901562027609806,-1,0,0,-0.08198298863311171,4.321947967568849,0.0002510946283608566,-2.249830748602685e-06,0,0.1,0.045,0.0,0,0.0,0.0,0,1.0527955181875976,0.5347222222222222,1.883587149239467,1.1822479607824323,0.5555555555555556,1.5360332613374033,0.0,0.0002684810359666666,0.00043644157244828157,1.5951542334424602,0.9422319535135825,0.9573556625915467,1.0,1.0,1,0,0,0.0,0.0,0.0,0,0.04513888888888889,46,0.04583333333333333,46,-0.6838338488916822,0.9964261056906383,0.0013825384490269155,-0.004929602758422469,0.004987802555568743,-0.004929602758422469,1
2025-03-06 23:00:00+00:00,1.07877,1.07933,1.07875,1.07928,293.0,23,3,0,0,0,0,0,1.0,0.0005799999999998029,-1,41.9,1.0,0.0,1.0786265047861916,1.0789529543865273,1.079559397958093,1.0792063217323689,1.073997733696077,1.0579772489321573,1.0689191408946466,1.058146167517513,1,1,7.973262825533567e-06,19.15131431608926,1,0,0,-0.43265312913778176,2.578996926359249,0.0003867057178065651,-5.6811708112157215e-06,0,0.05,0.015,0.0,0,0.0,0.0,0,1.090431791292553,0.4722222222222222,1.861673473800872,1.0525152515507228,0.4583333333333333,1.8168022254419989,0.0,0.0003419241925149989,0.0004980274000107778,1.5748611301843107,1.1524062705227038,1.1062847931391544,0.8445822421421783,1.0,0,0,0,0.0,0.0,0.0,0,0.03819444444444445,21,0.04722222222222222,21,-1.271867210254161,1.9503033460005417,0.00250794181574987,-0.004978426817125903,0.04170567625739574,-0.004978426817125903,0
2023-08-24 00:35:00+00:00,1.08719,1.0872,1.08705,1.08707,187.0,0,3,1,0,0,0,1,1.0,0.00014999999999987246,0,44.4,1.0,0.0,1.0867317589522152,1.0865061356633108,1.0855139536452891,1.0854744434712034,1.0859653987944062,1.089298521952469,1.0866133523725494,1.089045678555188,-1,-1,4.333617726315353e-06,25.048365327598315,1,0,0,0.685509897561422,0.4340652891814498,0.00022792371509140687,5.857667144363143e-06,0,0.0,0.0,0.0,0,0.0,0.0,0,1.2080704223069119,0.5763888888888888,2.283051689139623,1.139591752648049,0.5868055555555556,0.8668783703489437,0.0,0.0001758272280202596,0.0002502778354278642,1.938793065334825,1.4260399033298756,1.0,1.0,1.0,0,0,0,0.0,0.0,0.0,0,0.024305555555555556,105,0.041666666666666664,105,0.792632912498575,0.7194668045221936,0.006192265684296316,-0.0002483123953869182,0.006192265684296316,-0.0053617340543310466,-1
2023-03-16 18:50:00+00:00,1.06154,1.06202,1.06149,1.06177,583.0,18,3,0,0,1,0,0,1.0,0.0005299999999999194,-1,386.9,1.0,0.0,1.0608378506968763,1.0606528009717013,1.0604313870498163,1.0607692070272547,1.0628008825684638,1.063882411154009,1.0640300846658233,1.0639907698687312,-1,1,2.1480755364655656e-05,14.855145511650258,1,0,0,-2.2273769610132415,11.0271055371973,0.0005872660594409048,-1.4101424617160227e-05,0,0.06,0.015,0.0,0,0.0,0.0,0,1.0826519855639383,0.5486111111111112,1.7257424458351376,1.139163644960749,0.5590277777777778,1.4257665529386763,0.0,0.0004239013041512918,0.0006478148730264705,1.608188734871118,1.0760108402613826,1.1015118453871515,1.0,1.0,2,1,0,0.0,0.0,0.0,0,0.034722222222222224,11,0.04513888888888889,11,1.3613271636551951,-0.10340800772298796,0.005835488485330886,-0.0013074231536175374,0.009066458854052994,-0.01302310881406965,0
2025-02-11 11:00:00+00:00,1.03158,1.0319,1.03158,1.03188,304.0,11,1,0,1,0,0,0,1.0,0.000320000000000098,0,-3.7,1.0,0.0,1.0317434026951662,1.031370393142718,1.0309120278085004,1.0309580568345749,1.0319270687831652,1.0353329536474882,1.0326842407607544,1.0350678093277186,-1,-1,-6.146930508710291e-06,28.72873701535608,-1,0,0,-0.08255932775543988,1.009747303875769,0.0003191564615945613,-3.1545968139668975e-06,0,0.05,0.015,0.0,0,0.0,0.0,0,1.2467557002025407,0.5486111111111112,2.4683349816319136,1.1826804979607302,0.5347222222222222,2.463988314079114,0.0,0.00010456612473100985,0.00014205356282354195,2.02241361437518,1.6272460023652504,1.0,0.9802096342400394,1.0,3,0,0,0.0,0.0,0.0,0,0.020833333333333332,9,0.03263888888888889,9,0.17565473425139153,-0.00045390650378473134,0.002526037618529431,-0.001548167356891339,0.003091280256634521,-0.010623609726164163,1
2024-10-11 18:10:00+00:00,1.09432,1.09433,1.09422,1.09432,127.0,18,4,0,0,1,0,0,1.0,0.0001100000000000545,-1,-3.4,1.0,0.0,1.0944052211140147,1.0943315722451743,1.0939549142214182,1.0938599879607906,1.0941436570675547,1.099142159626714,1.0948024335638125,1.0988679269131298,-1,-1,3.300915660808812e-08,7.713022603212127,0,0,0,-0.6052620009981302,4.119723972573751,0.0001913061604131913,-5.311136278171377e-06,0,0.065,0.02,0.0,0,0.0,0.0,0,1.0915610341506863,0.5208333333333334,2.112534411719205,1.1547717145751626,0.5173611111111112,1.2723236676091358,0.0,0.0001433392513333392,0.00020002000138436796,1.8366873988593297,1.381675415263596,0.9219974879989142,0.7605340653044327,0.8465255193382804,1,0,0,0.0,0.0,0.0,0,0.027777777777777776,47,0.0375,47,0.44931106680647565,1.1765978506011436,0.0028224771819214123,-0.0007852590441754792,0.0038619955784278126,-0.00472028449036388,-1
2023-05-17 22:50:00+00:00,1.08408,1.0841,1.08402,1.08403,52.0,22,2,0,0,0,0,0,1.0,8.000000000008001e-05,-1,-26.9,1.0,0.0,1.0840393591561073,1.0839517336130167,1.0840768599867052,1.0840880881836166,1.0854230140707373,1.0911265073053202,1.0862208450259057,1.0905665573132184,-1,-1,-1.3609497935274106e-06,35.302066189970766,-1,0,0,-0.33764872318186134,3.3792058744120372,0.00011737752105701825,-9.62998989198198e-07,0,0.07,0.015,0.0,0,0.0,0.0,0,1.1784594301810076,0.5138888888888888,2.496704305399993,1.2081793261547653,0.5069444444444444,2.259657710991816,0.0,0.0001556080120481333,0.00022212134813313686,1.9410920356644772,1.4208346863720667,1.0,1.0,1.0,0,0,0,0.0,0.0,0.0,0,0.04513888888888889,73,0.04513888888888889,73,0.24084134019245035,-0.21830358049904036,0.0026731043158148005,-0.0029432594759157826,0.0026731043158148005,-0.014070031832651098,-1
2025-07-03 18:00:00+00:00,1.17537,1.17539,1.17515,1.17521,141.0,18,3,0,0,1,0,0,1.0,0.00024000000000001798,-1,-11.6,1.0,0.0,1.175318651341819,1.175651367640635,1.1774578749148001,1.1773167592407416,1.1778098581081666,1.1710112045457763,1.1769915984891564,1.1713936759379755,0,1,-3.567300861129219e-06,9.703670336497918,0,0,0,-5.376955657536887,46.11996341670641,0.0003599456056373752,-1.3378429754988303e-05,0,0.075,0.005,0.0,0,0.0,0.0,0,1.0915610341506863,0.4791666666666667,1.0712050514705393,1.1089858620939388,0.5694444444444444,0.8735493821330852,0.0,0.00026389479614393846,0.0005509379187045653,1.0320094515649934,0.3928139905546055,0.6263215304822024,0.9657842846621151,0.9336575051713005,2,0,0,0.0,0.0,0.0,0,0.03125,36,0.04375,36,-0.5428237651439214,-1.0951260859190821,0.0024395445046274666,-0.004894198934791927,0.006104033970276035,-0.006240539832063519,0
2024-10-15 01:10:00+00:00,1.09059,1.09072,1.09058,1.09063,55.0,1,1,1,0,0,0,0,1.0,0.00013999999999980695,0,12.1,1.0,0.0,1.090649731510374,1.090656920888745,1.0910807017452941,1.0911764339301402,1.0921712743840248,1.0971248716820705,1.092536986294703,1.0965261747616257,-1,-1,6.354168596178766e-07,11.991829909066164,0,0,0,0.02068478240696945,2.802427501683125,0.00017420766083673335,2.378783025728918e-06,0,0.055,0.02,0.0,0,0.0,0.0,0,1.2010886315115783,0.4583333333333333,2.1247289522808614,1.1547717145751626,0.5069444444444444,2.0705634541645956,0.0,0.00011408567421848108,0.00016957275973259744,1.8737480738755807,1.304472610102199,0.7220152527002015,1.0,1.0,0,0,0,0.0,0.0,0.0,0,0.04513888888888889,70,0.04375,70,0.2730657765666417,0.11563634945140837,0.001009609648196852,-0.0025972363210695626,0.001009609648196852,-0.008076324908368293,1
2023-02-13 14:20:00+00:00,1.06828,1.06893,1.06817,1.06888,471.0,14,0,0,1,1,1,0,1.0,0.0007599999999998719,0,-10.8,1.0,0.0,1.0683348860618342,1.0682277926199935,1.0679709993657625,1.067970394690351,1.0693698266171876,1.0759552454247014,1.0704060645165596,1.0753134885037412,-1,-1,7.909224989255393e-06,22.946083222787497,1,0,0,0.14097900101595237,0.37078999851619554,0.00045931295824631554,-6.072760374063714e-07,0,0.06,0.015,0.0,0,0.0,0.0,0,1.1799034918740579,0.4722222222222222,2.6124932370111194,1.2200102642548414,0.53125,1.767895283622988,0.0,0.00019381687280614314,0.00026070895260624336,2.0928454201982394,1.7047963187099449,0.9678195942507555,1.0,1.0,3,1,0,0.0,0.0,0.0,0,0.03819444444444445,6,0.04097222222222222,6,0.9954253602057456,0.7323700057624399,0.002871028879172899,-0.0016159012151950591,0.002871028879172899,-0.009333147967931832,1
2023-01-31 21:05:00+00:00,1.08682,1.08694,1.08675,1.08685,147.0,21,1,0,0,0,0,1,1.0,0.00018999999999991246,-1,112.3,1.0,0.0,1.0866835469998986,1.086455956825457,1.0853400643748274,1.085428723123794,1.085847213216671,1.0857049125112312,1.0862382303501892,1.0857894877260175,0,1,8.039279366989227e-06,18.681191850270444,1,0,0,0.9229543560837615,3.8000528686788306,0.0003191442829273221,-8.085221930289319e-07,0,0.05,0.025,0.0,0,0.0,0.0,0,1.0527955181875976,0.5694444444444444,2.2328847946422443,1.1828246571158934,0.5694444444444444,1.8909986371151615,0.0,0.0002415657061053824,0.0003357079351476154,1.855639631191155,1.4549565994413238,1.0,1.0,1.0,0,0,0,0.0,0.0,0.0,0,0.03819444444444445,36,0.041666666666666664,36,0.8982488901344788,-0.443396545763302,0.006044505331753713,-0.00045983354025835865,0.006044505331753713,-0.005344608260348216,-1
2025-07-04 19:00:00+00:00,1.17788,1.17797,1.17781,1.17782,403.0,19,4,0,0,1,0,0,1.0,0.00015999999999993797,1,75.9,1.0,0.0,1.1776445691544384,1.1776485870206634,1.177459142605057,1.1774119546594404,1.177452589143129,1.172363206726865,1.177093377888696,1.1726305307265092,0,1,2.982892189451469e-06,23.640786499727447,1,0,0,0.4998387864968027,1.8890216127988722,0.00015031093143751527,-2.7438648351967184e-06,0,0.05,0.005,0.0,0,0.0,0.0,0,1.2082156261665187,0.5972222222222222,2.472673419550726,1.1646179158483272,0.5694444444444444,2.321443963325802,0.0,0.00012897242215008915,0.0001811089847470713,2.0246900156308016,1.558024062042112,1.063565128777312,0.8691525205403103,0.9906013019976893,0,0,0,0.0,0.0,0.0,0,0.013888888888888888,28,0.035416666666666666,28,1.3696180488579943,-0.5932346552978829,0.002792582628092788,-0.0007296297553194275,0.006451502644688967,-0.004033519647553163,-1
2023-03-31 06:50:00+00:00,1.09015,1.09037,1.09,1.09027,479.0,6,4,1,0,0,0,0,1.0,0.00036999999999998145,1,230.3,1.0,0.0,1.089861435676946,1.0901426050936487,1.0899073524033893,1.0896918145264485,1.0874394270855052,1.0812266518665758,1.0858114870283457,1.0814299719237956,1,1,1.1093904102987829e-05,25.697477870994955,1,0,0,-0.42341043412187573,1.5607475360134864,0.000358113072515778,9.247017152379504e-06,0,0.05,0.02,0.0,0,0.0,0.0,0,1.2082156261665187,0.5555555555555556,2.288091750757369,1.1805169151880583,0.5416666666666666,2.1798968282879088,0.0,0.0001177331555238487,0.00016802490803296763,1.9395808112576332,1.3828281531434043,1.0,0.9852029980719053,1.0,3,0,0,0.0,0.0,0.0,0,0.04861111111111111,11,0.03819444444444445,11,0.06955252377561721,0.10743801545333406,0.006880183225282277,-0.0018767394170206009,0.01709983767748202,-0.0018767394170206009,1
2023-12-15 04:45:00+00:00,1.10032,1.10032,1.09999,1.10007,289.0,4,4,1,0,0,0,0,1.0,0.00032999999999994145,1,15.9,1.0,0.0,1.0997768311735157,1.0994589816557487,1.097518999520721,1.0970000283285626,1.0912824562194887,1.0845084534903056,1.089352668616104,1.0851436884035661,1,1,-9.076072696956316e-07,39.53479830602594,-1,0,0,0.3039651630856341,1.6484679616523792,0.00023530379490359872,1.1769001138802474e-06,1,0.04,0.015,0.0,0,0.0,0.0,0,1.1552011611469921,0.5763888888888888,2.387812751900165,1.1246924027545186,0.5347222222222222,1.8808683951216603,0.0,0.00014321635248914979,0.00019686166104496442,1.9718798098862678,1.5075556611525989,0.9080775105589816,0.7249929525002388,1.0,0,0,0,0.0,0.0,0.0,0,0.034722222222222224,22,0.04027777777777778,22,-0.5489955005921149,1.6880892532854919,0.011010118648273615,-0.0004997183405714978,0.024664909322925865,-0.0004997183405714978,-1
2025-04-08 16:00:00+00:00,1.09115,1.09117,1.09006,1.09009,944.0,16,1,0,0,1,0,1,1.0,0.0011099999999999444,0,176.0,1.0,0.0,1.0912274800408026,1.0921353543730439,1.093721142763426,1.0935520224569641,1.0946651287065448,1.0908343008423915,1.0945326320204465,1.091190408176096,0,1,5.3816928536898345e-06,24.079597010486935,1,0,0,-0.6289227754898223,0.8542084450689357,0.0009315934409272578,-1.048277778820532e-05,1,0.055,0.02,0.0,0,0.0,0.0,0,0.999443333090299,0.4305555555555556,2.6040288689178497,1.1089150569768895,0.4722222222222222,2.3750150833257404,0.0001301631673399927,0.00041583966170927574,0.0005313160034978071,2.035958485494254,1.7963998487845572,1.0,0.8506223759617643,1.0,2,1,0,0.0,0.0,0.0,0,0.041666666666666664,20,0.05625,20,0.16543111180285147,-0.15568362293548327,0.0005323494047784205,-0.008215663439842813,0.01087762899217326,-0.020416782739191786,1
2023-11-20 05:45:00+00:00,1.0927,1.0927,1.09231,1.09234,148.0,5,0,1,0,0,0,0,1.0,0.0003900000000001125,0,47.0,1.0,0.0,1.0925101941627673,1.0921240496636422,1.0902078985288324,1.0911452791014746,1.0881550277388259,1.0790071785332,1.0872353067239293,1.0802091184071552,1,1,1.0923151455344281e-06,22.5784678007792,0,0,0,1.218196861209708,3.400800638092449,0.0002579238452429271,-3.999553504696748e-07,1,0.02,0.02,0.0,0,0.0,0.0,0,1.0499912043424287,0.5555555555555556,2.2890719907500614,1.0485876715036642,0.5416666666666666,2.120739208052229,0.0,0.00012971835404162175,0.00017645569178222425,1.9174886771873394,1.5802574929293307,0.9801004425623865,1.0,1.0,1,0,0,0.0,0.0,0.0,0,0.0625,18,0.04583333333333333,18,0.8643059420341858,0.9675764309400477,0.008866394517612841,-0.0010151355800447348,0.02406554979515696,-0.0010151355800447348,0
2023-04-05 07:00:00+00:00,1.09485,1.09543,1.09475,1.09536,485.0,7,2,1,1,0,0,1,1.0,0.0006800000000000139,1,-64.6,1.0,0.0,1.0952803294458844,1.0954798108872943,1.0949078253190472,1.0945776979966895,1.0919736904807027,1.0857695858198064,1.090324010781864,1.0859667995746936,1,1,1.7958062342060543e-06,19.02446589523135,0,0,0,0.42475024144928447,1.5904884872342506,0.000376339873566808,9.856532434615535e-06,0,0.03,0.005,0.0,0,0.0,0.0,0,1.2747529599237386,0.6111111111111112,2.4047077328693196,1.195531130250346,0.5520833333333334,1.7387413610497524,0.0,0.00011560901707270776,0.00016152301085368485,1.9668706026819303,1.438156368201,1.0,1.0,1.0,2,1,0,0.0,0.0,0.0,0,0.04861111111111111,4,0.04513888888888889,4,-0.25694609788399525,0.5572672120059295,0.005941830671601256,-0.001449473540270918,0.015171595658903136,-0.001449473540270918,-1
2025-04-10 11:00:00+00:00,1.10794,1.10838,1.10775,1.10835,999.0,11,3,0,1,0,0,0,1.0,0.0006299999999999084,0,-87.9,1.0,0.0,1.1061125058756287,1.103929700376034,1.1004204112701568,1.101281384516155,1.099609408714143,1.0941937427459238,1.0984363965128134,1.0942761660537508,1,1,-4.5552796381631564e-07,48.95692328012045,0,0,0,0.4084575030782574,0.7168774809193601,0.0010082404420753593,3.985578738188147e-06,0,0.04,0.02,0.0,0,0.0,0.0,0,1.044934174317374,0.5138888888888888,2.5474477623743503,1.0874293308402925,0.5138888888888888,1.7119796333562003,0.0,0.0003822405341467459,0.0005308125312455718,2.058853541323763,1.6272460023652502,1.051399152506655,1.0176710263270594,1.0179367628414566,3,0,0,0.0,0.0,0.0,0,0.04513888888888889,14,0.05277777777777778,14,0.23998283293116895,-0.49822926181917243,0.014805251881558013,-0.0006942440854011966,0.01846066197416052,-0.004007871963767506,0
