time,open,high,low,close,volume,hour_of_day,day_of_week,is_asian_session,is_london_session,is_ny_session,is_overlap_session,session_transition,news_release_proximity,spread_proxy,volume_regime,obv_slope,tick_volume_ratio,order_flow_imbalance,ema_20,ema_50,ema_200,ema20_h1,ema50_h1,ema200_h1,ema20_h4,ema50_h4,ema_alignment_h1,ema_alignment_h4,ema_slope_acceleration,trend_strength_index,momentum_regime,macd_divergence,rsi_divergence,returns_skew_rolling,returns_kurt_rolling,atr_14,vol_expansion_rate,var_breach,var_breach_frequency,extreme_move_frequency,garch_forecast,vix_regime,put_call_ratio,commitment_traders,sentiment_extremes,shannon_entropy_sign_w144,sign_change_rate_w144,price_range_entropy_w144,shannon_entropy_sign_w288,sign_change_rate_w288,price_range_entropy_w288,power_mean_p-2.0,power_mean_p-1.0,power_mean_p0.0,power_mean_p1.0,power_mean_p2.0,renyi_entropy_q0.5,renyi_entropy_q1.0,renyi_entropy_q2.0,fractal_dim_14,fractal_dim_30,fractal_dim_60,volatility_regime,mlfinpy_cusum_event,mlfinpy_z_score_event,cusum_event,cusum_event_rate_w288,time_since_last_event_w288,cusum_event_rate_w1440,time_since_last_event_w1440,one_sided_dev_z_w288,one_sided_dev_z_w1440,max_drawup_w288,max_drawdown_w288,max_drawup_w1440,max_drawdown_w1440,side
2023-10-27 11:00:00+00:00,1.05557,1.05562,1.05481,1.05486,346.0,11,4,0,1,0,0,0,1.0,0.0008099999999999774,1,-74.7,1.0,0.0,1.0559814480015357,1.056063416008555,1.055909617078412,1.055699133031157,1.056358341228383,1.057593952313516,1.056853278266275,1.057549911836304,-1,-1,-1.528844755791514e-05,16.40195527223599,-1,0,0,-1.0457675553893337,3.3531913752427958,0.00034707290143486206,8.341022599588728e-06,1,0.05,0.02,0.0,0,0.0,0.0,0,1.1552011611469921,0.5486111111111112,2.302707143029986,1.1386640761327778,0.5173611111111112,2.3061832751026374,0.0,0.0,9.349820223955822e-05,0.0001653594097765957,0.0002396194942888894,2.058183801402797,1.791680363283839,1.5000706774629164,1.3219280948872991,1.3219280948872991,1.0502193554877204,3,1,0,1,0.04513888888888889,0,0.04583333333333333,0,0.4149511622757037,-0.79711028740513,0.0022232356629803274,-0.001967945200295307,0.0022232356629803274,-0.013171927329878264,-1
2023-01-18 10:55:00+00:00,1.08535,1.08537,1.08495,1.08525,563.0,10,2,0,1,0,0,0,1.0,0.0004199999999998649,0,-315.9,1.0,0.0,1.0854325308238462,1.0839249164927984,1.08115748712753,1.0812660663909537,1.0813579804771494,1.0765187345660399,1.0810037052995967,1.0769171685089882,0,1,-1.3709210046775055e-05,48.81109788273161,-1,0,0,0.23896055685615675,0.2548109587465002,0.000608417902299167,-1.0634038160979966e-05,0,0.04,0.025,0.0,0,0.0,0.0,0,1.1235193603355311,0.5763888888888888,2.574967752121006,1.0908200359682232,0.5486111111111112,2.5969175097136534,0.0,0.0,0.00013905170144970313,0.0002671623405571787,0.00036610309270120365,2.1422909077394965,1.9590750445451244,1.7463646128626658,1.0988300266593938,1.0,0.9820587112298869,2,0,0,0,0.0625,15,0.05138888888888889,15,0.6948273639212179,-0.43934480599248743,0.007856685147521913,-0.001582380378483239,0.011482575750515034,-0.0019496583499636344,1
2023-05-01 09:55:00+00:00,1.10028,1.10033,1.10016,1.10031,198.0,9,0,0,1,0,0,1,1.0,0.00017000000000000348,0,123.0,1.0,0.0,1.0999400877027332,1.1000179535630719,1.1006345679607095,1.100833361343111,1.10134259493626,1.100222576561491,1.1014424225321973,1.1003669144908514,0,1,6.051383976068969e-06,23.5326843651042,1,0,0,0.10406515745271527,0.1550100705972099,0.0003118511764501549,-8.648086800629217e-06,0,0.045,0.005,0.0,0,0.0,0.0,0,1.122381243338059,0.5555555555555556,2.689827177445172,1.2426488027336968,0.5694444444444444,2.1912075320804294,0.0,0.0,0.00011914998372316164,0.00017875621419383841,0.00025560840604175685,2.007484580616561,1.7440984965352322,1.4823957489084467,1.0,0.9781736375466807,1.0,2,0,0,0,0.034722222222222224,43,0.04513888888888889,43,0.5418879530045442,-0.5215505542661846,0.0031628730258546067,-0.0034868135052892324,0.0034563893043446647,-0.007791153794129757,-1
2023-10-23 11:00:00+00:00,1.0604199999999997,1.06054,1.06034,1.06052,293.0,11,0,0,1,0,0,0,1.0,0.00019999999999997797,0,238.0,1.0,0.0,1.0600092547884832,1.0596815539597522,1.058912801140533,1.0591286058000922,1.0583296876195196,1.0566801714059826,1.0580228659376956,1.0568791692205002,1,1,9.940889944326514e-06,20.013032034719544,1,0,0,-0.4364735380307699,1.053596898236212,0.0003978894277916772,-4.986470746562698e-06,0,0.055,0.015,0.0,0,0.0,0.0,0,1.114968488580223,0.5972222222222222,2.49748691755859,1.1628175871855553,0.5798611111111112,2.2430555225250908,0.0,0.0,0.00011625948673973501,0.00018087315830737723,0.00025636459111667376,2.01122879786289,1.7464485916567514,1.4849473131250062,1.0538930079952273,1.0,1.0,3,1,0,0,0.04513888888888889,15,0.04722222222222222,15,0.2035757591765912,0.7814005151366918,0.003198093803371549,-0.0008761599698526856,0.007706122138710025,-0.0008761599698526856,1
2023-06-22 10:10:00+00:00,1.10033,1.10034,1.10002,1.10031,343.0,10,3,0,1,0,0,0,1.0,0.000320000000000098,0,-4.8,1.0,0.0,1.0998948649743938,1.0994966315532095,1.098306980656668,1.0981839220916736,1.0958017424714475,1.0890183195401892,1.0946984288051744,1.0894960319765767,1,1,2.4928625353970446e-06,26.20256342552465,1,0,0,0.19421605760050784,2.5329895775875118,0.0003792289676959217,-4.903506709502057e-06,0,0.05,0.025,0.0,0,0.0,0.0,0,1.2080704223069119,0.5902777777777778,2.109518925077872,1.2176041060189913,0.5347222222222222,2.3674724537798273,0.0,0.0,9.144989490242437e-05,0.00013967099925085597,0.000197470465449408,2.0479978886475725,1.789436251995405,1.518613966209733,0.879944247982262,1.0,1.0,3,0,0,0,0.052083333333333336,12,0.04652777777777778,12,0.713558716196215,0.027128208142965873,0.008367088839604797,-0.0001999036827711187,0.01743014073567206,-0.0001999036827711187,1
2023-09-25 11:00:00+00:00,1.06362,1.06384,1.06362,1.06383,271.0,11,0,0,1,0,0,0,1.0,0.00021999999999988695,0,144.2,1.0,0.0,1.063309731566995,1.0636185078618596,1.0644133745962177,1.064128478689729,1.0648497293871013,1.0677277276214632,1.0651508994122458,1.0673232379420565,-1,-1,8.879982452314473e-06,22.60351640256518,1,0,0,-0.413268143960913,1.0250099133218256,0.00032390439396409574,-5.635895389270799e-06,0,0.055,0.02,0.0,0,0.0,0.0,0,1.1252253891288153,0.5486111111111112,2.5106970235470483,1.1553085090923214,0.4965277777777778,2.0993511578743136,0.0,0.0,7.446604641530191e-05,0.00013911450935743776,0.0002000663090946117,1.8829390269160298,1.5849532873872159,1.336347458822635,1.0622842782542896,1.0,1.0,2,1,0,0,0.020833333333333332,1,0.044444444444444446,1,0.0030546740771913426,0.09296910185149206,0.0012140719408211265,-0.0030643800955860723,0.0017420290400951277,-0.009164827181536106,-1
2023-10-17 11:00:00+00:00,1.05533,1.05563,1.05532,1.05552,379.0,11,1,0,1,0,0,0,1.0,0.00031000000000003247,0,-66.5,1.0,0.0,1.0551195634039676,1.0548775603169664,1.0547641216756585,1.0549634659171763,1.0545824735022649,1.0555861414674603,1.054911297961326,1.0555677548830373,0,-1,-7.913737768783235e-06,24.755698505888283,-1,0,0,0.5376977999322462,3.3189025283843554,0.0004428346020540848,4.515851700584081e-06,0,0.08,0.015,0.0,0,0.0,0.0,0,1.1540557753387568,0.5486111111111112,2.1245272731453517,1.195675815529473,0.5729166666666666,2.268328074565836,0.0,0.0,0.00010807411078513262,0.00015988568351124686,0.00021866331549888905,1.9923320708333856,1.7485066676843781,1.5451661731180608,1.0,1.0,1.0,3,0,0,0,0.041666666666666664,6,0.03819444444444445,6,-0.09640707249588762,-0.7436411961609583,0.002659776578767259,-0.0007005850832183524,0.005563600335340313,-0.007839377361682942,1
2023-10-13 11:00:00+00:00,1.05179,1.05179,1.05142,1.05168,449.0,11,4,0,1,0,0,0,1.0,0.00036999999999998145,0,-263.1,1.0,0.0,1.0526983948342237,1.0535608173822535,1.0545817747858792,1.054558075489302,1.0566010322678787,1.0566926047839245,1.057093400502175,1.056774506509369,-1,1,9.780577754359143e-08,46.70663129198359,0,0,0,0.22835668005933568,1.8353676912017403,0.0004184201427933698,4.316603712305471e-06,0,0.065,0.025,0.0,0,0.0,0.0,0,1.1252253891288153,0.5694444444444444,2.271579735021769,1.1540557753387568,0.5555555555555556,1.6818991836369113,0.0,0.0,9.904097659368591e-05,0.0001728250263826344,0.00027095828106807264,1.665903848085554,1.4060328576423893,1.1454837218630267,1.0617761975867006,1.010124217273699,1.0230309686553465,3,1,0,0,0.03819444444444445,8,0.044444444444444446,8,-0.6181702484397607,-0.8949071554103222,0.0,-0.01012763073679468,0.0020867278392360245,-0.011448874851954227,-1
2023-01-23 10:55:00+00:00,1.09019,1.0906,1.08975,1.08992,405.0,10,0,0,1,0,0,0,1.0,0.0008500000000000174,0,-82.2,1.0,0.0,1.0902984381139151,1.0901760909716296,1.0883795961121083,1.0887800446190474,1.0858649097257829,1.0803637567653586,1.0850828916900404,1.0809972030142825,1,1,-7.49439864069501e-06,16.26999178552355,-1,0,0,0.012040213525683203,0.8935165095867014,0.0005584624594416671,-3.069372247720007e-06,0,0.035,0.015,0.0,0,0.0,0.0,0,1.090431791292553,0.4930555555555556,2.5262661592206013,1.122381243338059,0.4861111111111111,2.5341572026896895,0.0,0.0,0.00012197277744223407,0.00021394734519627958,0.0002917642131141598,2.1309585636626687,1.9272251096508934,1.6757784677830951,1.0,1.0,1.0,3,0,0,0,0.059027777777777776,5,0.049305555555555554,5,0.4105150949610919,0.15917783458763268,0.008755530052015015,-0.001840777339206734,0.012193649643848836,-0.001840777339206734,1
2023-02-21 10:55:00+00:00,1.06531,1.06536,1.06455,1.06486,607.0,10,1,0,1,0,0,0,1.0,0.0008099999999999774,1,-227.2,1.0,0.0,1.0658900098566724,1.0663179986828053,1.0671527588420278,1.0671666132387705,1.0676470886445255,1.0704337350219753,1.067991262686512,1.0701596402623204,-1,-1,-5.438370414112548e-06,20.604194643060545,-1,0,0,-0.29594339003198294,1.17145095687244,0.0006730493382506241,-7.700409084914785e-06,0,0.115,0.035,0.0,0,0.0,0.0,0,1.2045824732418318,0.5347222222222222,2.4201279679849055,1.3127860625072822,0.5694444444444444,2.1789825272497727,0.0,0.0,9.992519573383472e-05,0.0001527150120823128,0.00022254410473029987,1.9580273161399815,1.6656083265158157,1.3831165453588135,1.154722594798636,0.8867503919971761,1.0,3,0,0,0,0.04513888888888889,8,0.04861111111111111,8,-1.0015074587804627,-0.6849686921786722,0.0,-0.004105681552490137,0.002966911868589328,-0.011904474821752942,-1
2023-12-28 03:20:00+00:00,1.11178,1.1118,1.11168,1.11168,186.0,3,3,1,0,0,0,0,1.0,0.00011999999999989797,0,58.4,1.0,0.0,1.1115757310602261,1.1113580469794972,1.109671226681509,1.109526816495472,1.1065243994924183,1.09914043851492,1.1050010972207953,1.0997227250146422,1,1,5.862879470774907e-06,22.57151565925883,1,0,0,-0.46358051693074037,0.9912188307626358,0.0002283893115882349,-9.199481949865018e-07,0,0.05,0.015,0.0,0,0.0,0.0,0,1.2256676577924475,0.5694444444444444,2.4380726700493365,1.2063380093016287,0.5555555555555556,2.184465168668894,0.0,0.0,9.658852672211901e-05,0.000147830549306532,0.00021273421198421603,1.979655069820239,1.6915670961331344,1.3876455822500997,1.0,1.0,0.8612655077104809,0,0,0,0,0.06597222222222222,18,0.04722222222222222,18,0.8111432564817481,1.0780634279089503,0.007613661083315071,-0.0004495675160495205,0.016932407585279474,-0.0004495675160495205,1
2023-11-13 12:00:00+00:00,1.06871,1.06879,1.06789,1.06803,365.0,12,0,0,1,1,1,1,1.0,0.0008999999999999009,1,-41.5,1.0,0.0,1.068834649237075,1.0689732123181803,1.0686786777948805,1.0686096102526457,1.0685136752413589,1.0669690215514727,1.0686677685311003,1.0672621538502776,1,1,-7.26776457415923e-06,20.446320091482995,-1,0,0,-0.5798070808634629,1.2213124630794194,0.00036751696653739837,2.2349549985868763e-07,1,0.045,0.02,0.0,0,0.0,0.0,0,1.1252253891288153,0.5694444444444444,2.5195975599885734,1.1550222357308477,0.5972222222222222,2.2238920099184125,0.0,0.0,9.771916767411894e-05,0.00015390712089926418,0.0002168154111894768,1.9723091493095337,1.7231799800482859,1.430465579433028,1.2311733068786634,1.2111651659131915,1.2111651659131915,3,1,0,0,0.03125,7,0.041666666666666664,7,0.04322134571106595,-1.5956462142609853,0.0013688740542112665,-0.0018411214953271138,0.0020735208571804886,-0.0067239551364322026,-1
2023-11-23 12:00:00+00:00,1.09146,1.09151,1.09117,1.09117,197.0,12,3,0,1,1,1,1,1.0,0.00034000000000000696,0,52.4,1.0,0.0,1.091559913284841,1.0914706012884634,1.090520370261857,1.0905513977113235,1.0906565273048086,1.0858743150902799,1.0905787380534413,1.0864554055698141,0,1,-2.086495358932794e-07,12.920849421341618,0,0,0,0.7491246954469131,2.905529704197753,0.0003291029631036043,-7.288749810563551e-06,0,0.055,0.015,0.0,0,0.0,0.0,0,1.1601775315776601,0.5416666666666666,2.263137922466997,1.1900981479559003,0.5451388888888888,2.142447022320218,0.0,0.0,0.00010416337068177394,0.00016839040971944214,0.000244468723951479,1.9180328959779267,1.6526919013706163,1.369556368134997,1.0446690493338218,0.8008773579864047,1.0,3,1,0,0,0.041666666666666664,25,0.04791666666666667,25,0.7392550717426759,-0.9287658461594274,0.005334537212773327,-0.001061950143271817,0.007785802685778664,-0.00483369358030783,1
2023-11-16 12:00:00+00:00,1.08522,1.08531,1.08497,1.08503,328.0,12,3,0,1,1,1,1,1.0,0.00034000000000000696,1,2.7,1.0,0.0,1.0851068470370264,1.0849102206802597,1.084631160612437,1.0846053655025665,1.0828774790722815,1.074432766793627,1.0813917423100978,1.075202199374294,1,1,-1.3933203298455155e-06,13.423021951727062,0,0,0,0.37409194203686413,0.36906128231381063,0.0003178162307641976,-1.8458705096082004e-06,0,0.05,0.005,0.0,0,0.0,0.0,0,1.0525152515507228,0.5,2.8330424221153776,1.1246924027545186,0.5173611111111112,1.983614262622864,0.0,0.0,0.0001001484310923457,0.00015253905037335377,0.00021611316102703362,1.8806832735475913,1.5647415726296043,1.297123216770317,1.0,0.9630057925178657,1.0,3,0,0,0,0.04513888888888889,7,0.03888888888888889,7,-0.14607191674599115,0.9287584762976772,0.0016894387001478162,-0.0018949672980157484,0.01802368129702936,-0.003316064079953107,1
2023-07-19 10:10:00+00:00,1.12252,1.12256,1.12201,1.12201,343.0,10,2,0,1,0,0,0,1.0,0.0005500000000000504,0,-196.3,1.0,0.0,1.1229104939269965,1.1227453564138403,1.122766777851043,1.122759768564402,1.1228555436228254,1.1136641810960428,1.1219519083904503,1.1144340780971076,0,1,-1.8469721620473224e-05,19.119282140589323,-1,0,0,0.014618827087963079,2.2783139438070656,0.00047619122463742877,-8.241537630020933e-06,0,0.045,0.035,0.0,0,0.0,0.0,0,1.0866161717176113,0.5347222222222222,2.170278561436523,1.0911376381372087,0.4965277777777778,2.3037495942083344,0.0,0.0,0.00010046998442860672,0.0001840619313889305,0.0002643702422852317,2.0359761142115977,1.7698636363625693,1.483777037976816,1.1895413943340223,1.0,1.0,3,0,0,1,0.04861111111111111,0,0.049305555555555554,0,-0.31824600360606975,-0.6730064017844781,0.0019288297539847843,-0.0033045223987989703,0.018647807021525686,-0.004886831275720316,1
2023-04-14 09:55:00+00:00,1.10593,1.10639,1.10584,1.10626,363.0,9,4,0,1,0,0,1,1.0,0.0005500000000000504,1,65.7,1.0,0.0,1.10602669052875,1.1062184236428059,1.1055835976868376,1.1053325580046829,1.1018925356408782,1.0941672231950423,1.0996620927580478,1.0945049927792576,1,1,5.101120100925449e-06,13.333120594384805,1,0,0,0.4679025522204766,1.2081720504524536,0.0003645353465400892,-1.7860978168907765e-06,0,0.045,0.01,0.0,0,0.0,0.0,0,1.1547717145751626,0.5555555555555556,2.3935632586412052,1.2526614366389652,0.5590277777777778,2.180921241901737,0.0,0.0,0.0001065042083226873,0.00016719412025110975,0.00024267695530324704,1.978846664708388,1.6792294752263215,1.3458428055740512,1.0,1.0,1.0,3,1,0,0,0.03125,22,0.04236111111111111,22,-0.6055261169788261,1.0046095523955247,0.004786601149874281,-0.0010474797276552872,0.02121335204194663,-0.0010474797276552872,-1
2023-10-12 11:00:00+00:00,1.06185,1.06193,1.0617,1.0618,183.0,11,3,0,1,0,0,0,1.0,0.00022999999999995246,0,-13.3,1.0,0.0,1.0620511047051024,1.0622876216310058,1.0621694263517951,1.0620276226615466,1.060820102726125,1.057400965757029,1.0596902214901878,1.0575348803319962,1,1,-1.9508177685922947e-06,14.230410469752176,-1,0,0,0.09194057112152211,2.190721724054785,0.00028345446779040297,-1.8639754144630677e-06,0,0.045,0.01,0.0,0,0.0,0.0,0,1.2300639430735676,0.5972222222222222,2.24095283309709,1.1510103084295114,0.5486111111111112,2.1844017382439787,0.0,0.0,0.00010219745762808054,0.0001546028217357206,0.00021957702867850742,2.013569445947928,1.729370871542856,1.4410047933211991,1.0,1.0,1.0,2,0,0,0,0.034722222222222224,40,0.04375,40,0.0055753218732096845,0.485469599469754,0.0030512861690772386,-0.0019363450078017097,0.011729506712784277,-0.0019363450078017097,-1
2023-01-31 10:55:00+00:00,1.0826,1.08271,1.08223,1.08226,466.0,10,1,0,1,0,0,0,1.0,0.00048000000000003595,0,-35.9,1.0,0.0,1.0823943105664608,1.0826945423111387,1.0843129681256758,1.0844755912782786,1.0859256374943271,1.085717900747427,1.0862709460728701,1.0857450053611675,0,1,-5.665828821288521e-06,16.969574021487194,-1,0,0,-0.7617371739257618,2.081598643903251,0.0005175625162832698,-9.97469684528515e-06,0,0.065,0.015,0.0,0,0.0,0.0,0,1.0911376381372087,0.5347222222222222,2.3427815012156077,1.1931423688393439,0.5416666666666666,2.24941012708174,0.0,0.0,0.00012007676230015396,0.00018205107245990095,0.00025566745304153067,2.004954895852082,1.746220511287987,1.4960799479040623,1.0,1.0,1.0,3,0,0,0,0.04861111111111111,21,0.04513888888888889,21,-1.5515102252419146,-0.7462851340125923,0.0017957642180095323,-0.007820020352221735,0.0017957642180095323,-0.00954525071154666,-1
2023-05-24 09:55:00+00:00,1.0778,1.0778,1.0773,1.07735,341.0,9,2,0,1,0,0,1,1.0,0.000500000000000167,0,115.9,1.0,0.0,1.07788440795393,1.0779744254062824,1.0778926432879155,1.0778817229574522,1.0787998555204392,1.0834625524874077,1.079452684605109,1.0830088160984137,-1,-1,-2.165837628220757e-06,14.204556486447489,0,0,0,0.39477203949620066,1.5338322179402135,0.0004142096054704145,-8.32706431562509e-06,1,0.06,0.02,0.0,0,0.0,0.0,0,1.3266849105754903,0.5625,2.3697234462252,1.2930563060602203,0.5381944444444444,2.269712804899226,0.0,0.0,8.614928348093213e-05,0.0001404435154276671,0.00020065460407759592,1.9969547315629839,1.727216224199779,1.4536145252193386,1.1628504756821534,1.0,1.0,3,1,0,0,0.04513888888888889,15,0.044444444444444446,15,0.7281941080977911,0.43788556822585467,0.0011802096498403358,-0.0018622146457160094,0.0011802096498403358,-0.006776067115331408,-1
2023-02-13 10:55:00+00:00,1.06787,1.06803,1.06765,1.06802,416.0,10,0,0,1,0,0,0,1.0,0.00038000000000004697,0,29.8,1.0,0.0,1.0678113455467007,1.067668918122299,1.0677867760481756,1.067518597857283,1.0694632057293747,1.07624631298554,1.0702427051506205,1.0754495075436632,-1,-1,1.0372237499112203e-06,17.438518049251545,0,0,0,0.06519133816149442,1.6795493006144202,0.0004508215321869562,-7.949524390725514e-06,0,0.055,0.015,0.0,0,0.0,0.0,0,1.181058021231646,0.5069444444444444,2.520693603697433,1.207634749707381,0.53125,2.2445751432520193,0.0,0.0,0.00011865949766360278,0.00018011861737641152,0.0002522250806633921,1.9986359501115234,1.7450107544837992,1.4845216000491854,0.8979487285302749,1.0,1.0,2,0,0,0,0.03819444444444445,11,0.04097222222222222,11,0.7576533214369146,0.6288474234698308,0.002064138409862748,-0.0024844024358352534,0.002064138409862748,-0.010130219194587675,1
2023-11-30 12:00:00+00:00,1.09157,1.09195,1.09157,1.09194,292.0,12,3,0,1,1,1,1,1.0,0.00038000000000004697,0,-2.2,1.0,0.0,1.0917634969938237,1.092749670189398,1.0954680095168907,1.0953311426119487,1.096349346830457,1.0927627577616914,1.095538856289663,1.092924401166495,0,1,8.68532496205443e-06,22.335616391791202,1,0,0,-1.2245185281325144,2.59501815900914,0.00041723847422322596,-6.9198938383704095e-06,0,0.075,0.03,0.0,0,0.0,0.0,0,1.1825002850236155,0.5347222222222222,2.434139949038877,1.1087734396690578,0.5208333333333334,2.1548449329288824,0.0,0.0,0.00011135813936598715,0.00017531199501720997,0.0002518845810080934,1.9251452940845615,1.6624849787065783,1.4013570821338475,0.8907013575091832,1.0,0.9863549106278507,3,0,0,0,0.059027777777777776,23,0.04791666666666667,23,-0.8578538332286261,-0.43086062034896605,0.000870768751317641,-0.006686133777256353,0.0027273478608225155,-0.008706072462847159,-1
2023-02-06 10:55:00+00:00,1.07608,1.07668,1.07607,1.07657,390.0,10,0,0,1,0,0,0,1.0,0.0006099999999999994,0,82.1,1.0,0.0,1.0769352346948762,1.0776800571457374,1.079936583380039,1.0785876447159706,1.0836768643008183,1.0872241650148007,1.084363998024594,1.08671782183833,-1,-1,3.826819629071387e-06,18.227091672210157,0,0,0,0.20775449415626998,1.6087055407897244,0.00056680223312648,-1.97898326674133e-06,0,0.045,0.01,0.0,0,0.0,0.0,0,1.1192482574445979,0.5277777777777778,2.3881431581828663,1.1350922778784964,0.5694444444444444,0.9870861250406265,0.0,0.0,0.00015957540561622346,0.0002679609958235998,0.0004701172443651818,1.3264434880936515,1.032274857713306,0.8477319823823002,1.0,1.0,0.9961883860499559,3,1,0,0,0.03125,20,0.04097222222222222,20,-0.7892102969025823,-1.0202025420041165,0.0005204412598396324,-0.015671430269449838,0.0005204412598396324,-0.02352813126411557,-1
2023-06-27 10:10:00+00:00,1.0945,1.09452,1.09434,1.09434,231.0,10,1,0,1,0,0,0,1.0,0.00017999999999984695,-1,93.7,1.0,0.0,1.0938317529263144,1.0934959780186837,1.0922849471045712,1.092429908935733,1.091801950809102,1.0903651406981163,1.092017358762201,1.0905714597761031,1,1,1.090950119020384e-05,18.338028531690295,1,0,0,0.2890435339260494,1.6054537555540973,0.00036262362667856333,2.794017292159052e-07,0,0.045,0.015,0.0,0,0.0,0.0,0,1.2186139081228178,0.5347222222222222,2.222522963351722,1.2169473937104383,0.5347222222222222,2.1308426683798336,0.0,0.0,9.014874585441926e-05,0.00012964903584943666,0.00018130982334425505,1.9440503895919201,1.6768604384862267,1.437750111847657,1.0,1.0,1.0,1,0,0,0,0.04861111111111111,4,0.04583333333333333,4,0.7216924098269821,-0.3918646192144366,0.004129046465536357,-0.00014618547281852745,0.008738454731486156,-0.006094182825484795,1
2023-08-10 10:10:00+00:00,1.10207,1.10228,1.10207,1.1021,192.0,10,3,0,1,0,0,0,1.0,0.00020999999999982144,0,97.4,1.0,0.0,1.1019055729912632,1.1011306986804557,1.0991317845686956,1.099180552625338,1.0982380425486857,1.0990149143472012,1.0982124248476366,1.0989946436665023,0,-1,-2.542469491606525e-06,32.51917936761479,0,0,0,1.2331812091148415,4.462543423590125,0.00031512956332318013,-6.962427906022578e-06,0,0.01,0.015,0.0,0,0.0,0.0,0,1.3110903196947243,0.5,2.14419069774996,1.2202288669394872,0.5347222222222222,2.3257472762361977,0.0,0.0,0.00010349089476962238,0.0001485318780576285,0.00020679282750313627,1.9783175660796508,1.753173813873426,1.5233593263257243,1.0,1.0,0.9908010631535432,2,0,0,0,0.05555555555555555,23,0.04861111111111111,23,0.5436280955299271,1.1286032805719548,0.00537305808193711,-0.0002721335268505154,0.009517179470738713,-0.0017843071544376699,1
2023-02-24 10:55:00+00:00,1.059,1.05905,1.05862,1.05865,326.0,10,4,0,1,0,0,0,1.0,0.0004300000000001525,0,-75.8,1.0,0.0,1.0589735220885133,1.0591042188382396,1.0596299364040886,1.0596348950080254,1.0610120429465748,1.0659953741497328,1.061974625404072,1.065704716761014,-1,-1,2.508756883790042e-07,13.218134159648871,0,0,0,-0.08940015450231882,0.14238456552086617,0.0003863924169793404,9.302139972733044e-08,1,0.05,0.01,0.0,0,0.0,0.0,0,1.1252253891288153,0.5069444444444444,2.705159374426533,1.1089858620939388,0.4895833333333333,2.1914634976169554,0.0,0.0,0.00011776005167128381,0.00017468786038431601,0.00023722228494900738,1.946768049095106,1.6949395545089567,1.4621102248886624,1.0,1.0,1.0,1,1,0,0,0.04513888888888889,42,0.043055555555555555,42,0.2540400832345042,-0.015949323933510666,0.0008035545471734018,-0.0030981034710059197,0.0008035545471734018,-0.010764644869506679,-1
2023-07-03 10:10:00+00:00,1.08826,1.08865,1.08813,1.08862,275.0,10,0,0,1,0,0,0,1.0,0.0005199999999998539,0,32.7,1.0,0.0,1.0886248374353844,1.0889148413789964,1.0897413455024374,1.0899933638686832,1.089779662769234,1.0903788078229435,1.0901377001681005,1.0904808196160067,0,-1,-3.199514273299897e-06,20.896842947097046,-1,0,0,-0.7720217136651144,3.0390342212842727,0.00045318831224321087,7.889048387471534e-06,0,0.055,0.025,0.0,0,0.0,0.0,0,1.0847765773363722,0.5138888888888888,2.1091650907264405,1.2202288669394872,0.5069444444444444,2.1393284635360423,0.0,0.0,9.287064460021089e-05,0.00016441528488207927,0.0002409587749241193,1.9566339265232662,1.6521407756184392,1.3476970616217467,1.0,1.0,1.0,3,0,0,0,0.04861111111111111,2,0.04861111111111111,2,0.33634082169456614,0.06956517634828982,0.004067477702659028,-0.003970868101302871,0.004382444389087192,-0.008136303585257965,-1
2023-12-27 03:20:00+00:00,1.10302,1.10318,1.10298,1.10317,86.0,3,2,1,0,0,0,0,1.0,0.00019999999999997797,0,-100.2,1.0,0.0,1.1031984736759048,1.103463095828667,1.103247494024825,1.1031844508610065,1.1020921642567276,1.0965366913170662,1.1014232039517229,1.0971799184979723,1,1,-9.034918468930897e-07,26.056861340806485,0,0,0,0.7090239551018304,2.781534294637774,0.00016480131585092762,-1.5327430252132165e-06,0,0.05,0.015,0.0,0,0.0,0.0,0,1.3769284324229734,0.5069444444444444,2.4873065004708343,1.294253015112072,0.5034722222222222,2.1997765397574947,0.0,0.0,6.79581684636647e-05,9.544547870495371e-05,0.00013260892028502442,1.9968777131417355,1.7199516342574828,1.4272449647329857,1.0,1.0,1.0,0,0,0,0,0.024305555555555556,3,0.044444444444444446,3,-0.40983667755477027,-0.09949987838424625,0.0020346434378206713,-0.001158947892616169,0.009147708041750136,-0.001158947892616169,-1
2023-10-25 11:00:00+00:00,1.05743,1.05761,1.05735,1.05751,288.0,11,2,0,1,0,0,0,1.0,0.00025999999999992696,0,125.2,1.0,0.0,1.0574538054564102,1.0580376279712533,1.0594191715486247,1.0594025966846332,1.060596212900263,1.0587653665412733,1.0604002671992478,1.058861785784892,0,1,8.764905589297989e-06,24.542222394304336,1,0,0,-0.052379478640061414,2.228077208568525,0.00034301719160197966,-2.9586197314167513e-06,0,0.075,0.035,0.0,0,0.0,0.0,0,1.2747529599237386,0.5486111111111112,2.151316124827223,1.2201560019477018,0.5659722222222222,2.1321332140407825,0.0,0.0,0.00010269584302705773,0.00016466779206053667,0.00023972347772068165,1.962318085641906,1.6712178486934293,1.3860050511222124,1.0,0.9875306480378124,1.0,3,0,0,0,0.04513888888888889,19,0.04791666666666667,19,0.30575337323540636,-0.09284240469446184,0.0007665373332070846,-0.006193026971149429,0.004846020087228231,-0.010692835893502006,-1
2023-01-24 10:55:00+00:00,1.08623,1.08658,1.08623,1.08636,492.0,10,1,0,1,0,0,0,1.0,0.0003500000000000725,1,107.2,1.0,0.0,1.086376431811626,1.0870201243253523,1.0873969453832795,1.08741630814756,1.0866820306712546,1.0818061321415018,1.0860124597432304,1.0822984560075304,1,1,1.1996062361019355e-05,20.87446904022596,1,0,0,-0.3219633012195348,2.0155934549795314,0.0005929644411530172,-9.223775582230437e-06,0,0.05,0.02,0.0,0,0.0,0.0,0,1.0917021474863065,0.5277777777777778,2.2625368731196147,1.1087734396690578,0.5173611111111112,2.2930695331732376,0.0,0.0,0.0001195183323080494,0.0001862780566556624,0.00026096379858437627,2.0301168738329807,1.7711492629980958,1.5088631357341515,1.0,0.8842187692945858,1.0,3,0,0,0,0.03819444444444445,15,0.04791666666666667,15,-0.8433606571286634,0.015577361726063858,0.0014842129522929515,-0.0031931292666812494,0.008887526815813729,-0.005101059591732127,-1
2023-09-19 10:10:00+00:00,1.06891,1.06897,1.06876,1.06895,151.0,10,1,0,1,0,0,0,1.0,0.00021000000000004349,0,47.6,1.0,0.0,1.068687164144643,1.068564666541682,1.068361368920134,1.0684697226209414,1.0679733396966313,1.070821996869897,1.0684934870315588,1.0705721135183515,0,-1,2.2633513175662755e-06,10.8602946165205,0,0,0,0.6209396718219843,1.3175668359810324,0.00030635609654795494,-1.208682254858227e-06,0,0.06,0.01,0.0,0,0.0,0.0,0,1.2080704223069119,0.5486111111111112,2.481925629556012,1.1828246571158934,0.5243055555555556,2.4422415162132807,0.0,0.0,7.636635755287207e-05,0.00012028377029967509,0.00015918011962515936,2.086245145274278,1.9000126262787222,1.7077183555878233,1.0,1.0,1.0,3,0,0,0,0.041666666666666664,16,0.04097222222222222,16,0.12484954426529908,-0.07526531864839851,0.00308728862864327,-0.0007104729319160619,0.005408201655380029,-0.0068843137983573,1
2023-09-08 10:10:00+00:00,1.07004,1.07028,1.07004,1.0702,342.0,10,4,0,1,0,0,0,1.0,0.00023999999999979593,0,-47.5,1.0,0.0,1.070496616144354,1.070925109957132,1.070994060141857,1.0708834245814254,1.0716653933687288,1.077311364299943,1.0726139914802595,1.0768704817835488,-1,-1,5.170563906586878e-06,31.413513318167933,1,0,0,-0.10694116012439102,0.497601040378066,0.0003201070570340853,-4.323808545487735e-06,0,0.035,0.005,0.0,0,0.0,0.0,0,1.2288925205211703,0.5694444444444444,2.3902709376325624,1.169291526662458,0.5451388888888888,2.2027044161117164,0.0,0.0,9.099281385445006e-05,0.00013991464680724496,0.00019418263321496567,1.932206336544998,1.6990155469255985,1.4719388276396033,0.6040713236690378,1.0,1.0,1,0,0,0,0.04513888888888889,14,0.04513888888888889,14,0.2220462231998964,-0.5477420547588118,0.0013473558142147457,-0.0022282512423198453,0.0013473558142147457,-0.01634221217301779,-1
2023-05-25 09:55:00+00:00,1.07344,1.07352,1.07304,1.07315,487.0,9,3,0,1,0,0,1,1.0,0.00048000000000003595,0,37.3,1.0,0.0,1.0730513835940554,1.0730678640123152,1.0742525485163423,1.074394340025452,1.0761838695940114,1.0816240620727424,1.0770111242792768,1.081120125167653,-1,-1,1.7926171282711677e-06,17.01461693973832,0,0,0,-0.5948962206472111,1.7574838551870458,0.0004299107984585793,-5.72592600610436e-06,0,0.06,0.015,0.0,0,0.0,0.0,0,1.1827886182598255,0.5277777777777778,2.4217011802941357,1.1406616420154776,0.5347222222222222,2.2340324789201937,0.0,0.0,0.0001181374957413285,0.0001834631780928867,0.0002553085671726954,2.0299923079911,1.7740178825101003,1.5020178870786063,1.0,1.0,1.0,3,1,0,0,0.05555555555555555,5,0.04652777777777778,5,-0.3710289504670878,-0.001727095467501401,0.00161467958410344,-0.0057994645222853025,0.00161467958410344,-0.009049355925943026,-1
2023-08-04 10:10:00+00:00,1.09447,1.09453,1.09399,1.09412,206.0,10,4,0,1,0,0,0,1.0,0.0005399999999999849,-1,7.2,1.0,0.0,1.0943221697979506,1.0945863127688271,1.0947936386649586,1.0946758158467493,1.095141033689587,1.1002433743422664,1.0959689909542807,1.1000277344712506,-1,-1,-5.767845946191841e-07,20.34577908933583,0,0,0,0.0017702528884154453,0.5940291721036601,0.00033980587501296355,-2.1201342028515092e-08,1,0.06,0.02,0.0,0,0.0,0.0,0,1.2080704223069119,0.6180555555555556,2.595831120988587,1.2317101277644091,0.5381944444444444,2.3242359253991243,0.0,0.0,0.00010624332365273786,0.0001707364281062457,0.00025782968504661384,2.020669009018718,1.738036090316119,1.4422280350639434,1.0,1.0,1.0,2,0,0,0,0.04513888888888889,20,0.04722222222222222,20,0.27816961533914886,0.5133156888648247,0.0022075459600077174,-0.0018246177425829124,0.0024922118380061864,-0.009487597320297136,-1
2023-12-20 12:00:00+00:00,1.09374,1.09391,1.09355,1.09366,558.0,12,2,0,1,1,1,1,1.0,0.00035999999999991594,1,-256.4,1.0,0.0,1.0945518246229489,1.0952706147333635,1.096126813028726,1.0958589209676677,1.0949502462698941,1.0898236050833892,1.0940958974725672,1.0902489147788803,1,1,-2.5850830541962467e-06,36.74500976756904,-1,0,0,-0.35944070396868316,1.6103633178304875,0.0003821424066262734,-3.46617633697227e-06,0,0.07,0.02,0.0,0,0.0,0.0,0,1.1192482574445979,0.4583333333333333,2.1953505334083414,1.1386640761327778,0.5034722222222222,2.138339913613332,0.0,0.0,7.94509204291462e-05,0.00014181464105330626,0.000212627028028381,2.007591467346822,1.7306949965359975,1.4391727317400618,0.9936304751243015,1.0024145529333157,1.002016345598518,3,0,0,0,0.052083333333333336,9,0.04375,9,-1.2201282594674385,-0.009670158353593588,0.0,-0.0045238160254134074,0.014470437637979394,-0.006323708455234223,-1
2023-11-14 12:00:00+00:00,1.0719299999999998,1.07199,1.07184,1.0719800000000002,137.0,12,1,0,1,1,1,1,1.0,0.0001500000000000945,0,1.7,1.0,0.0,1.0718928981150657,1.071460580148158,1.0703450847756093,1.070403739997132,1.0695776214217911,1.0676277203997226,1.0707880769921923,1.0684790690822574,1,1,7.417602176928995e-08,21.22018188410456,0,0,0,0.5697282842129912,2.142674148816344,0.00037522121037740773,-5.024722661308394e-06,0,0.055,0.025,0.0,0,0.0,0.0,0,1.2315272833782733,0.5763888888888888,2.274399160658373,1.207888903182778,0.5763888888888888,2.3989296030978036,0.0,0.0,8.692370762674063e-05,0.00013261085653573607,0.0001851650630935331,2.092879863931133,1.8613430346300717,1.5984548519812387,1.0,1.0,1.0,3,0,0,0,0.04513888888888889,3,0.04097222222222222,3,0.7796656081988704,-0.025823177708271194,0.004978109443408041,-0.0008295506445327172,0.005779587547616094,-0.0008295506445327172,1
2023-02-14 10:55:00+00:00,1.07528,1.07576,1.07513,1.07555,528.0,10,1,0,1,0,0,0,1.0,0.0006300000000001305,1,-91.0,1.0,0.0,1.0753880016632922,1.074839713397669,1.0732086500305071,1.0730200736464166,1.0716085952099548,1.0754630784524337,1.0716348369551907,1.0749720243567378,0,-1,-3.8012918787799775e-06,21.3543033402105,0,0,0,0.30549553893706327,1.4006242669422782,0.00048596418647792216,-8.436782396333258e-06,0,0.04,0.02,0.0,0,0.0,0.0,0,1.090431791292553,0.5416666666666666,2.4681855082026405,1.1550222357308477,0.53125,2.341626199262954,0.0,0.0,0.00011947741636936631,0.00017542150638761786,0.00023775183008978092,2.0477934761755456,1.813084384440232,1.5761675076778057,1.0,1.0,1.0,2,0,0,0,0.03819444444444445,18,0.04027777777777778,18,0.7057471237655403,1.5353057953071798,0.007578738313379407,-0.0008267994500390508,0.009129121239984217,-0.0031512118263128386,1
2023-05-10 09:55:00+00:00,1.09561,1.0957,1.09551,1.09566,287.0,9,2,0,1,0,0,1,1.0,0.00018999999999991246,0,68.7,1.0,0.0,1.0956578563041341,1.0961547082944518,1.0967533888127703,1.0967162353818645,1.0982111370635352,1.10039853526385,1.0988483057435698,1.1002578361532056,-1,-1,9.77333485230325e-06,23.961112205028417,1,0,0,-0.6924445783750979,5.810422366227313,0.0003849553043067238,-5.7278201514246654e-06,0,0.05,0.015,0.0,0,0.0,0.0,0,1.270295216336699,0.5347222222222222,1.9057492047486044,1.274790066617014,0.5416666666666666,2.0522559034634105,0.0,0.0,8.817618490540742e-05,0.0001340602059355671,0.00019636415829365385,1.8557901947727882,1.587929120880059,1.338919807507946,1.0,1.0,1.0,3,0,0,0,0.04513888888888889,23,0.04513888888888889,23,0.3766389351296235,-0.8161712907636436,0.0010324066037477042,-0.002430963371664263,0.0010324066037477042,-0.012082303933060312,-1
2023-02-03 10:55:00+00:00,1.09343,1.09365,1.09336,1.0935,441.0,10,4,0,1,0,0,0,1.0,0.00028999999999990145,0,341.7,1.0,0.0,1.092522517317895,1.0913535330938833,1.091147837546219,1.091625205907585,1.0921475271322896,1.08899417472686,1.0917425177716353,1.0892651278041345,0,1,-2.5264979508499152e-06,42.59030124905879,1,0,0,-0.45641784080315756,2.3138774427811297,0.00044844300069341465,-1.2827648866853417e-05,0,0.055,0.025,0.0,0,0.0,0.0,0,1.2010886315115783,0.5833333333333334,2.3785336050354973,1.2930563060602203,0.5729166666666666,1.8962896527828652,0.0,0.0,0.0001474508771474075,0.00024203030878723684,0.0003739724956614207,1.799572125569503,1.525832402343259,1.2166394947566672,0.9798784040791835,0.9294610071838254,1.0,2,0,0,0,0.03125,12,0.04375,12,0.05489645581892198,0.259574872859086,0.004491966820073134,-0.0059542748056906625,0.0122000888625593,-0.008172261476086518,1
2023-04-25 09:55:00+00:00,1.10324,1.1034,1.10299,1.10303,370.0,9,1,0,1,0,0,1,1.0,0.00041000000000002146,0,-126.1,1.0,0.0,1.1035704237556225,1.1038805905325524,1.1040536688401639,1.1038620029514454,1.10176911020209,1.0978998441257286,1.100507271129936,1.0980772401043353,1,1,-9.603956490300547e-06,16.497826417553167,-1,0,0,-0.6610700765706542,1.8827188295680863,0.0004382161274394141,-5.715597816519926e-06,0,0.07,0.025,0.0,0,0.0,0.0,0,1.0499912043424287,0.5069444444444444,2.339369071410041,1.1449779815370627,0.5277777777777778,2.2903864176548385,0.0,0.0,0.00010160596481748468,0.00015669224683409092,0.000216296564713505,1.9997277751651439,1.76065440573449,1.5233593263257246,1.12928301694497,1.0,1.0,2,1,0,0,0.041666666666666664,12,0.04375,12,-0.7124910434356622,0.5088898856811426,0.0027089677741920504,-0.003271133601409404,0.010123367952237672,-0.003271133601409404,-1
2023-07-20 10:10:00+00:00,1.12066,1.12084,1.12064,1.12083,251.0,10,3,0,1,0,0,0,1.0,0.00019999999999997797,0,51.0,1.0,0.0,1.120966855811593,1.1210791749243978,1.1212193894260165,1.1212022011155152,1.121675187148915,1.1152018837769562,1.1214058780382528,1.1157718121590645,0,1,-2.315683062437124e-06,14.866446347908123,0,0,0,-0.8936372153533515,3.6832256172849176,0.00036943222095183874,-5.0164046548602815e-06,0,0.055,0.02,0.0,0,0.0,0.0,0,1.2045824732418315,0.5902777777777778,2.129760947037443,1.2265843276908215,0.5590277777777778,2.205898731787051,0.0,0.0,0.00010334178743968141,0.0001557036635807036,0.00022734770171324155,1.999152486512541,1.7082159154800958,1.3823476841964781,1.0,1.0,1.0,2,0,0,0,0.03125,30,0.04513888888888889,30,0.1966767809062366,-1.8878713622282943,0.0028266668215695123,-0.0018434410900347586,0.004165994732032496,-0.005933375904640381,-1
2023-10-09 11:00:00+00:00,1.0528,1.05305,1.0528,1.053,386.0,11,0,0,1,0,0,0,1.0,0.0002500000000000835,0,124.1,1.0,0.0,1.0529934778082939,1.053408386936886,1.0547833023517352,1.0545583845919637,1.0544389810166477,1.0545105275690358,1.0544605883583427,1.0547508480494066,0,-1,5.524504715381795e-06,25.032999365176618,1,0,0,-0.39167116521637557,1.429549988543927,0.0003236972406812389,-1.3036514848247925e-06,0,0.06,0.01,0.0,0,0.0,0.0,0,1.1553442905235949,0.4722222222222222,2.6882658308571483,1.1246924027545186,0.46875,1.816477628260863,0.0,0.0,0.00014552401428560328,0.00024281435954106258,0.00036579847168102835,1.6749942763817582,1.3961590822287668,1.1146546335848604,1.0,1.0,1.0,1,0,0,0,0.0625,25,0.05,25,-0.6049028101553877,0.4223238256159977,0.0033444816053511683,-0.006453804347826053,0.007674788034220725,-0.006453804347826053,-1
2023-09-12 10:10:00+00:00,1.07202,1.07233,1.07202,1.07226,252.0,10,1,0,1,0,0,0,1.0,0.00031000000000003247,0,27.6,1.0,0.0,1.0721597970039798,1.072474008981039,1.0734679185041391,1.0732315534531023,1.072952005887263,1.0755939209247982,1.0726308039916532,1.0750332226374373,0,-1,1.3171358673513821e-06,17.60007713710657,0,0,0,0.30074574001997545,1.3362393409909858,0.00034091193183890395,-3.51666409562959e-06,0,0.05,0.01,0.0,0,0.0,0.0,0,1.2088749297528425,0.5833333333333334,2.0994976491136246,1.2064361776151409,0.5694444444444444,2.1784874484586245,0.0,0.0,9.230278198564687e-05,0.00014762403364100985,0.0002161908661780727,1.967081304823331,1.6738477146571678,1.3726913158409497,0.7754397419809239,1.0,1.0,1,0,0,0,0.04513888888888889,28,0.043055555555555555,28,-0.7336023969193816,1.098950370849199,0.00084939562234565,-0.003262779218606071,0.0032748231595494115,-0.003262779218606071,-1
2023-12-06 12:00:00+00:00,1.07798,1.07799,1.07771,1.0778,341.0,12,2,0,1,1,1,1,1.0,0.000280000000000058,0,-109.9,1.0,0.0,1.078566228449281,1.078799419838381,1.0793933628221297,1.079392579754757,1.0815420597606988,1.0872225837377256,1.0826956579696343,1.0866575628512467,-1,-1,-4.815607031005698e-06,18.391032078773573,-1,0,0,0.0482002159385151,0.8035149702050316,0.00034835064183079975,2.737783986196327e-07,0,0.05,0.02,0.0,0,0.0,0.0,0,1.1530530505103664,0.5138888888888888,2.4286621205934784,1.1380929953361278,0.5069444444444444,2.105951508596996,0.0,0.0,0.00010242654246689183,0.00016785175957345825,0.000238889097973417,1.9693484722032475,1.6790580982012187,1.36671491897942,0.9818526532898242,1.0318644986553038,1.0,3,0,0,0,0.04861111111111111,4,0.05347222222222222,4,-0.0786838692309869,-1.3490762699564391,0.00019487931402495384,-0.004966856847430701,0.00019487931402495384,-0.019548981615406302,-1
2023-08-24 10:10:00+00:00,1.08529,1.0856,1.08526,1.08531,391.0,10,3,0,1,0,0,0,1.0,0.00034000000000000696,1,-12.8,1.0,0.0,1.0854268709295671,1.0857757468159888,1.085944404228628,1.0857857868676486,1.0859920503921017,1.088992668276171,1.086298866681384,1.088726972014997,-1,-1,-4.5881537813485805e-08,29.3036420660592,0,0,0,-0.22009579361478557,0.19084733898960957,0.00034573724995073414,9.643680019257743e-07,0,0.045,0.005,0.0,0,0.0,0.0,0,1.207634749707381,0.5347222222222222,2.623222283666139,1.195531130250346,0.5451388888888888,2.2551232657553832,0.0,0.0,0.00010180879183689544,0.0001601402524415873,0.00022076836803572083,1.9940573284906022,1.743997825925959,1.488145951101145,0.8241501646006756,1.0,1.0,2,0,0,0,0.020833333333333332,7,0.041666666666666664,7,1.0160275909051875,0.3915411827805,0.0045632092411929115,-0.0021422529513441813,0.0045632092411929115,-0.006972084213993313,-1
2023-03-14 09:55:00+00:00,1.07107,1.07133,1.07092,1.0711,594.0,9,1,0,1,0,0,1,1.0,0.0004099999999997994,0,684.2,1.0,0.0,1.0701869945436302,1.0699753637127496,1.070584744642988,1.0708482682359857,1.0688537833105274,1.0637304710132647,1.067472074647727,1.0641349123612698,1,1,1.0862938553590773e-05,21.652024388615224,1,0,0,-0.2203774100369053,1.4651584325757145,0.0006859845902643993,-5.750925053567605e-06,0,0.055,0.015,0.0,0,0.0,0.0,0,1.0915610341506863,0.4930555555555556,2.364676184563033,1.1251188025804923,0.5347222222222222,2.52763320418064,0.0,0.0,0.00017900261507418952,0.0002843495586261998,0.0003923009101362158,2.0696538765015298,1.9073065170857204,1.70227959441977,0.9720459384289536,1.0083634729345892,1.0,3,0,0,0,0.027777777777777776,12,0.04375,12,0.014807439110222902,0.48109251659130847,0.00533012476336947,-0.0034054114406937286,0.01763353411746804,-0.0034054114406937286,1
2023-04-12 09:55:00+00:00,1.09269,1.09292,1.09255,1.09279,332.0,9,2,0,1,0,0,1,1.0,0.00036999999999998145,0,73.4,1.0,0.0,1.0925067979781948,1.0924942149777088,1.091935930781829,1.0918500197615915,1.090751070385135,1.0890494102585353,1.090601633206969,1.0892817874585365,1,1,2.87432116685693e-06,9.776958052907956,1,0,0,-0.17266021689332509,0.6409296916667978,0.00035136876971681883,-2.132422507085071e-06,0,0.04,0.015,0.0,0,0.0,0.0,0,1.1747001726094617,0.5347222222222222,2.4756732074481476,1.253656345087362,0.5451388888888888,2.3872475170561187,0.0,0.0,8.650250086703458e-05,0.00014160421218354315,0.0001944109316252862,2.043232668615203,1.8167855317137356,1.5963107177470555,0.9920072092464162,1.0,1.0,2,0,0,0,0.041666666666666664,34,0.04375,34,-0.810225261121793,-0.5127294189472473,0.0029000669952183866,-0.0006858459681401419,0.008778893730152726,-0.002783253029639332,-1
2023-02-01 10:55:00+00:00,1.0891599999999997,1.08923,1.08883,1.08921,315.0,10,2,0,1,0,0,0,1.0,0.00039999999999995595,0,149.2,1.0,0.0,1.0885657994472937,1.088105310982716,1.0868714932353298,1.0868449191114955,1.0863677332724937,1.0858645207233941,1.086675922642714,1.086024944512435,1,1,3.8032074205718303e-06,19.03022977418947,1,0,0,0.05296688493611441,2.2275316344283214,0.0004590665305439734,-1.8613830677050698e-06,0,0.025,0.025,0.0,0,0.0,0.0,0,1.1209577349789406,0.5555555555555556,2.2493117960745956,1.0911376381372087,0.5625,2.274191647897668,0.0,0.0,0.00010802803519371702,0.00017090729830824793,0.00024162756070495342,2.0516411546708606,1.8013547786643285,1.5305755663554668,1.0,0.8437599136684516,1.0,3,0,0,0,0.034722222222222224,29,0.041666666666666664,29,1.4207545519165699,0.01961420394726488,0.0064124479104104015,0.0,0.008229043246445578,-0.0031848008126732497,1
2023-04-13 09:55:00+00:00,1.10264,1.10274,1.10231,1.10232,328.0,9,3,0,1,0,0,1,1.0,0.0004300000000001525,0,158.8,1.0,0.0,1.1018359024041864,1.1008848458024667,1.0991831783127306,1.0987846593248987,1.0958443673401608,1.091111017121947,1.0946647754616383,1.0914685327373765,1,1,2.281189813935214e-06,40.29717057085459,0,0,0,1.2918161930314822,4.623568314571347,0.0005053692304741494,1.0460753895577805e-06,0,0.045,0.025,0.0,0,0.0,0.0,0,1.0511133695519363,0.5,2.1504797584877475,1.1501854804581977,0.4861111111111111,1.1435289167208087,0.0,0.0,0.00010422981793229554,0.00018197611737001028,0.0003420307542902945,1.2422642413477047,0.9444659544231145,0.7225092428967947,1.0,1.0,1.0,3,0,0,0,0.034722222222222224,22,0.04236111111111111,22,0.41637575458865544,0.942200452657392,0.009274943004422331,-0.0005258862997552516,0.01757624990768769,-0.0005258862997552516,1
2023-10-24 11:00:00+00:00,1.06253,1.06254,1.06222,1.06223,457.0,11,1,0,1,0,0,0,1.0,0.000320000000000098,1,-186.1,1.0,0.0,1.0635251418038534,1.0647369357418648,1.0657145939864077,1.065188165830139,1.0630045091921831,1.058638041457679,1.0616062554777752,1.0588251969136053,1,1,-5.518257254211178e-06,42.96555632852892,-1,0,0,-0.5583585299720976,1.53291316882803,0.00041386306436543246,1.0550526125144657e-06,0,0.08,0.02,0.0,0,0.0,0.0,0,1.1547717145751626,0.5277777777777778,2.339499479824108,1.1057972935678695,0.5347222222222222,2.3741029341088207,0.0,0.0,0.00012252828481823684,0.00018510109573104463,0.0002510173700183382,2.0568436085194644,1.8265325165685102,1.58060884270164,0.8833170198346456,0.9625252945813506,1.0,2,0,0,1,0.05555555555555555,0,0.05,0,-1.1225891526414071,0.4553841997994574,0.0029458696452682176,-0.006277246618145105,0.009330964167957312,-0.006277246618145105,-1
2023-10-16 11:00:00+00:00,1.05323,1.05323,1.05294,1.0531,223.0,11,0,0,1,0,0,0,1.0,0.0002900000000001235,0,64.3,1.0,0.0,1.0533057736650966,1.0532648878833673,1.0527227780038702,1.0528183077593427,1.0537282976745745,1.0557237370603605,1.0542805560214321,1.0555532741289246,-1,-1,3.498934226087158e-06,11.16786572154626,0,0,0,-0.5852380987560383,3.5471576688383433,0.00030876493547413674,-5.245443629980976e-06,0,0.025,0.015,0.0,0,0.0,0.0,0,1.122381243338059,0.5416666666666666,2.0477783592504073,1.1540557753387568,0.5451388888888888,2.321103665338234,0.0,0.0,0.00011620195054371734,0.0001772947268117222,0.00024376421541110884,2.02211696606593,1.781372894135703,1.534035584317066,0.9318284973584843,1.0,1.0,3,0,0,0,0.034722222222222224,12,0.03888888888888889,12,0.9334752717689959,-0.5753282409322035,0.003258135812819196,-0.001213983573284949,0.003258135812819196,-0.010114112759197713,-1
2023-09-13 10:10:00+00:00,1.07302,1.07316,1.07293,1.07315,393.0,10,2,0,1,0,0,0,1.0,0.00022999999999995246,1,59.2,1.0,0.0,1.0733306925733055,1.0737474038843682,1.0741498543330905,1.0740222512061393,1.0735750533183297,1.0752159454778178,1.0732353788119398,1.0747976459504993,0,-1,3.1650551340467457e-06,21.281864464408507,0,0,0,0.341209695490129,1.2895950504193492,0.0003253608274438715,-6.305479027936891e-06,0,0.05,0.015,0.0,0,0.0,0.0,0,1.2069084251518167,0.5625,2.477631004118282,1.1691478787053755,0.5520833333333334,2.356201632934504,0.0,0.0,0.00010677320305234702,0.0001561854387742419,0.00020978590201831742,2.0467428587262693,1.8260165834008855,1.6057554648633021,1.0,1.0,0.8982701130361399,1,0,0,0,0.04513888888888889,16,0.04236111111111111,16,0.29540743324336005,0.9338818603705367,0.002260140278128153,-0.002982273588762019,0.004107563905834999,-0.002982273588762019,-1
2023-03-03 10:55:00+00:00,1.06159,1.06185,1.06159,1.06165,385.0,10,4,0,1,0,0,0,1.0,0.00025999999999992696,0,108.9,1.0,0.0,1.0615235873521256,1.061504271251836,1.0611285472788103,1.061110900958495,1.061535943005019,1.0624139268193813,1.0614773242848037,1.0622474583193229,-1,-1,1.1478214875904058e-05,17.30055442093199,1,0,0,0.6946879116287028,1.7175536720237574,0.000462140527098684,-2.743146169466076e-06,0,0.035,0.015,0.0,0,0.0,0.0,0,1.1530530505103664,0.5069444444444444,2.455302218809978,1.1552011611469921,0.5451388888888888,2.3550407762671646,0.0,0.0,0.0001188299805796743,0.00018474561072069206,0.00025369782376130997,2.0478762486875475,1.8206681336386257,1.5864829197422696,1.0,1.0,1.0,3,0,0,0,0.04861111111111111,4,0.049305555555555554,4,1.16845267083941,0.6574321956240589,0.003696560591449849,-0.0013169653355910027,0.007841350307103756,-0.006578208631208726,-1
2023-07-28 10:10:00+00:00,1.0974,1.09756,1.09734,1.0975,324.0,10,4,0,1,0,0,0,1.0,0.000220000000000109,-1,-14.1,1.0,0.0,1.0968410779483297,1.0967292868955063,1.0984075219565161,1.099047458255589,1.102400538130505,1.1082310251953746,1.104265960539387,1.1081890865337405,-1,-1,3.992588828349852e-06,17.287497314512777,1,0,0,-0.4016273540894664,0.9571691959935095,0.0005151932466472941,-9.707696273813777e-06,0,0.06,0.035,0.0,0,0.0,0.0,0,1.0911376381372087,0.5208333333333334,2.4911692850450797,1.1123964411333644,0.5,2.501436177979139,0.0,0.0,0.0001483745690605756,0.0002495069304010768,0.00035642443720710867,2.1205815556211514,1.908633608228091,1.66310467591819,0.948600847493345,1.0,1.0,2,0,0,0,0.052083333333333336,6,0.04861111111111111,6,-1.188207176429578,-0.05565921452103286,0.0021915806775636426,-0.015597951367399499,0.0021915806775636426,-0.015597951367399499,1
2023-05-08 09:55:00+00:00,1.1038,1.1039,1.10358,1.10359,200.0,9,0,0,1,0,0,1,1.0,0.000320000000000098,0,65.2,1.0,0.0,1.1036749321580774,1.1039553031587037,1.1032841931620576,1.1032247212881579,1.1028922937985313,1.101782159348993,1.1028414283088295,1.101987308458468,1,1,1.2415966105816522e-05,27.635884883477416,1,0,0,-1.179566876952163,6.0745325061077216,0.00041240076848792916,-7.429400604119622e-06,0,0.045,0.015,0.0,0,0.0,0.0,0,1.1747001726094617,0.4791666666666667,2.048327449927278,1.1235193603355311,0.4861111111111111,1.7219038622590919,0.0,0.0,0.00010629310426321832,0.00017229136798485936,0.0002639341502424696,1.671601564986077,1.3625170169060012,1.1119385372188262,0.9710486263038408,1.0,1.0,2,0,0,0,0.041666666666666664,11,0.04513888888888889,11,0.2776484530813305,0.29118059982489525,0.0057780815675552155,-0.001483854039430632,0.00843118223041528,-0.004932104665211878,-1
2023-03-28 09:55:00+00:00,1.08221,1.08229,1.08155,1.08161,513.0,9,1,0,1,0,0,1,1.0,0.0007399999999999629,1,-99.5,1.0,0.0,1.081676871791396,1.0816592075328921,1.0807156185950493,1.0803693912595058,1.0795294983628823,1.0760000608641584,1.0796256616336164,1.0764800660524492,1,1,2.1863533941735012e-06,19.766165683810126,0,0,0,-0.1271496142918748,1.2163085040931925,0.0004811080781183954,-2.2227084739632836e-06,1,0.045,0.02,0.0,0,0.0,0.0,0,1.1501854804581977,0.5277777777777778,2.400087925212405,1.2300639430735676,0.5277777777777778,2.3227096241822216,0.0,0.0,9.253692823063015e-05,0.00016200237274297365,0.0002261056812446967,2.02023136849576,1.7627907289862743,1.5130147859670022,1.0406419844973533,1.0,1.0,3,1,0,0,0.027777777777777776,15,0.04097222222222222,15,0.26218189689935534,-0.5641723996063497,0.004980255516841003,-0.0011820221813851894,0.009021027296304052,-0.009958901225640693,1
2023-11-09 12:00:00+00:00,1.06882,1.0689,1.06875,1.06889,165.0,12,3,0,1,1,1,1,1.0,0.00014999999999987246,0,71.6,1.0,0.0,1.068781755287285,1.0692985397360382,1.0699727307325937,1.069863377421528,1.0697702474443183,1.0661801871715342,1.0697386354755496,1.0666967672391618,1,1,2.9740799371902326e-06,23.193276706339425,1,0,0,-0.8547577726999019,1.9517252616128131,0.0003269134573572542,-1.5609943526154484e-06,0,0.06,0.02,0.0,0,0.0,0.0,0,1.2309420721583293,0.5763888888888888,2.380776876555062,1.207634749707381,0.5763888888888888,2.2040365807780056,0.0,0.0,9.477104683251254e-05,0.00014665378601773745,0.00021090345673179897,1.9976443504382275,1.711764264972678,1.4090237208258463,1.0,0.9657596755815492,1.0,3,0,0,0,0.034722222222222224,19,0.04097222222222222,19,0.019047458280520433,-0.6506310172062022,0.002654634823555879,-0.002454457219650763,0.007161096401548939,-0.006118255274438211,-1
2023-06-05 09:55:00+00:00,1.06928,1.06933,1.0691,1.06922,316.0,9,0,0,1,0,0,1,1.0,0.00022999999999995246,0,-37.2,1.0,0.0,1.0693743578025836,1.0693904183015144,1.070398875739755,1.0700072323345593,1.0714465029303095,1.073549276178377,1.0711055393553595,1.07305063835886,-1,-1,4.862638518732254e-07,11.069149793427782,0,0,0,0.007922994875275848,0.33379518520585894,0.00037064714893732546,-5.226936849775067e-06,0,0.075,0.005,0.0,0,0.0,0.0,0,1.2082156261665187,0.6388888888888888,2.737237900580883,1.2510021775804006,0.5868055555555556,2.206397031232523,0.0,0.0,0.00010299577091576021,0.0001594286360570273,0.0002297872806712037,1.9707335422060555,1.7083587850665305,1.467953923037573,1.0,0.9848401928290068,1.0,2,0,0,0,0.04861111111111111,4,0.049305555555555554,4,-0.8745373069392676,0.22183513295114338,0.0006457469607779043,-0.007656825712084703,0.005274489709574004,-0.007831783679453586,-1
2023-07-24 10:10:00+00:00,1.10824,1.10846,1.10814,1.10829,390.0,10,0,0,1,0,0,0,1.0,0.000320000000000098,0,35.3,1.0,0.0,1.1084636117944058,1.1094656799290137,1.1114673645754118,1.1113302335175603,1.1132981800710637,1.1142485245532314,1.1139456755647184,1.1141915523291974,-1,-1,-5.70341142360764e-06,22.339481681465614,0,0,0,-2.602954050265106,12.295604992599417,0.0005565294394948566,-1.825928725495517e-05,0,0.065,0.04,0.0,0,0.0,0.0,0,1.1553442905235949,0.4791666666666667,1.6350075681802663,1.1950246525337658,0.5034722222222222,1.5686119778976417,0.0,0.0,8.310530563676236e-05,0.0001663638873123914,0.0002731806153291074,1.5598543419810367,1.2282605274333704,0.9577564399957533,0.7932695575591632,0.7194955846104631,1.0,2,0,0,0,0.04513888888888889,11,0.04652777777777778,11,-0.34889949044046353,-2.2281121879709866,0.0012186029103407048,-0.005545236749306959,0.0012186029103407048,-0.01705512984248625,-1
2023-07-06 10:10:00+00:00,1.08636,1.08693,1.0863,1.08692,313.0,10,3,0,1,0,0,0,1.0,0.0006299999999999084,0,24.6,1.0,0.0,1.0862814138617651,1.0859442972466224,1.085789693314472,1.086241920403208,1.0872443381171497,1.0892157751369886,1.0880263316005725,1.0892533055988394,-1,-1,4.671010504231354e-06,12.16022392288052,1,0,0,0.9084061205475567,2.432092856278979,0.00041233310712554696,-5.055135660308612e-06,0,0.08,0.025,0.0,0,0.0,0.0,0,1.2930563060602203,0.5347222222222222,2.3486131379516957,1.2397836828635784,0.5451388888888888,2.172356503867095,0.0,0.0,8.916305986403067e-05,0.00014927135081624392,0.0002129155073778733,1.96362533069429,1.7004789540846528,1.4373440204715178,1.0559564059740252,1.0212835583679707,1.0,3,1,0,0,0.04513888888888889,16,0.04861111111111111,16,0.20844339681255947,-0.1481615741640485,0.003249030828872179,-0.0027616452432724925,0.003249030828872179,-0.006335420761530264,1
2023-04-04 09:55:00+00:00,1.09346,1.09355,1.09304,1.09313,533.0,9,1,0,1,0,0,1,1.0,0.0005100000000000104,0,36.7,1.0,0.0,1.0925922940027353,1.0916815885319093,1.0899021140906686,1.0896148627857571,1.0878569358597663,1.0835787048209058,1.0869640052591678,1.0838560968629265,1,1,-4.172243259636943e-06,33.64978898814557,0,0,0,0.24165727935396353,1.7672824103169507,0.000544896619820668,-2.1642058940856964e-06,0,0.065,0.025,0.0,0,0.0,0.0,0,1.151763128983697,0.5902777777777778,2.2690919852293674,1.1501854804581977,0.53125,2.295265923397357,0.0,0.0,0.00011991570149194927,0.00018561087984947302,0.00025811331014385333,2.0021777616293424,1.7350687020570843,1.469839530133034,0.950611973037828,1.0,1.0,3,0,0,0,0.041666666666666664,8,0.04513888888888889,8,0.5343531663093021,0.5397685439331172,0.007372388561739163,-0.0003017943043185367,0.013104848052345242,-0.0003017943043185367,1
2023-05-31 09:55:00+00:00,1.0671,1.06759,1.06706,1.06759,343.0,9,2,0,1,0,0,1,1.0,0.0005300000000001415,0,26.7,1.0,0.0,1.0670579045884823,1.0676437604718982,1.0699656236842088,1.0701501791976669,1.071188193077894,1.0754977888698316,1.0714773708136636,1.0749827634132436,-1,-1,8.523845197894175e-06,29.849143102371368,1,0,0,0.8129981327158369,3.0417793503591595,0.00047466873140312874,-1.4704194785332001e-06,0,0.065,0.025,0.0,0,0.0,0.0,0,1.1228901832786948,0.4791666666666667,2.057909305794636,1.1757491109436657,0.5104166666666666,2.144763800074787,0.0,0.0,0.0001076303872953357,0.00016668973598831153,0.00023713670356595033,1.978464708845256,1.6948830791644343,1.429357322808588,1.0,0.9966948552763065,0.9822106865564736,2,0,0,0,0.04861111111111111,5,0.049305555555555554,5,-1.1546571181653753,-0.23741939594496875,0.0015197425818738175,-0.00633842144452712,0.0015197425818738175,-0.010950426621950782,-1
2023-09-26 11:00:00+00:00,1.0596,1.0596,1.0592,1.05921,320.0,11,1,0,1,0,0,0,1.0,0.000400000000000178,0,-14.4,1.0,0.0,1.059654050900184,1.0593978072387458,1.0593782469048147,1.0595350469064584,1.0612837303249096,1.0658861122042256,1.0624137406978158,1.0655633756631362,-1,-1,-2.2179335902983153e-06,16.18382009616004,-1,0,0,-0.12364477769019959,0.7830306526066182,0.00031937604552449976,-3.214851264739466e-06,1,0.07,0.015,0.0,0,0.0,0.0,0,1.1547717145751626,0.5069444444444444,2.4733093386434537,1.1547717145751626,0.5069444444444444,2.2571819636914987,0.0,0.0,9.669247509600314e-05,0.00014833158032220118,0.00020777205855624547,1.997340861247636,1.7322651986315876,1.4668033554717044,0.9699427661437907,1.0740005814438076,1.0,3,0,0,0,0.052083333333333336,32,0.04652777777777778,32,0.2042682770301395,-0.5273265398595086,0.002033943200953514,-0.004717025455023838,0.002033943200953514,-0.013467825309452564,1
2023-12-13 12:00:00+00:00,1.07836,1.0786,1.07826,1.07845,391.0,12,2,0,1,1,1,1,1.0,0.00034000000000000696,1,89.2,1.0,0.0,1.0781019048001308,1.078227914197204,1.0786176580478286,1.0785804277378357,1.0781625441773595,1.0805465383393325,1.0781884338156213,1.0802478697959847,0,-1,8.132381571623881e-06,19.321434113371186,1,0,0,0.5411664603876213,2.400007163300134,0.0003263800063614443,-2.9748504351159266e-06,0,0.065,0.015,0.0,0,0.0,0.0,0,1.1501854804581977,0.5972222222222222,2.310476511261702,1.2197916384374319,0.5625,2.0835416382415666,0.0,0.0,9.760241431823657e-05,0.00015974986542035104,0.00023839271242279535,1.947980426468464,1.6147797617330615,1.279459238784657,1.0416476973584978,1.0,1.0,3,1,0,0,0.03819444444444445,21,0.044444444444444446,21,-0.8172624002319642,1.074049121741286,0.0013184405262620658,-0.0023404688338360957,0.004526867798694045,-0.0027556106266701796,-1
2023-07-05 10:10:00+00:00,1.08893,1.08896,1.08852,1.08876,353.0,10,2,0,1,0,0,0,1.0,0.00043999999999999595,0,-92.8,1.0,0.0,1.0888975384260517,1.0886596429610362,1.0885664105312531,1.0886064432464693,1.089217638996237,1.0900624137715536,1.089483783448349,1.0900878599767945,-1,-1,-5.9881627905156165e-06,11.366834524282734,-1,0,0,0.26363922061824174,1.97103828363892,0.0005212887111842172,-1.1131815198251502e-05,0,0.075,0.03,0.0,0,0.0,0.0,0,1.2747529599237386,0.5486111111111112,2.2395904603809034,1.243089235088958,0.5625,2.085098682496653,0.0,0.0,8.900666421792106e-05,0.00013387050117773285,0.00019296474989093679,1.9213614371067127,1.625165724069234,1.3695563681349971,1.0,0.9150435304577451,1.0,3,1,0,0,0.06597222222222222,6,0.050694444444444445,6,0.21949874359885718,-0.2798783115267099,0.0017297217724125957,-0.0016962984018121796,0.004511611171081453,-0.006696469300246477,1
2023-08-21 10:10:00+00:00,1.09021,1.09043,1.08997,1.09016,366.0,10,0,0,1,0,0,0,1.0,0.00045999999999990493,0,-52.1,1.0,0.0,1.089524776037122,1.0889380728853557,1.088105726873673,1.0882519390624554,1.0880850295233615,1.0916400552852137,1.0886374848840583,1.0913491020493054,0,-1,-3.1733167981995435e-06,36.48191382191564,-1,0,0,0.49633062262846367,-0.08897126613348037,0.0003827207355924415,2.2502593608603227e-06,0,0.03,0.005,0.0,0,0.0,0.0,0,1.1547717145751626,0.5833333333333334,2.7945682113765193,1.1399484427040663,0.5520833333333334,2.5167285013767327,0.0,0.0,0.00010052699267669848,0.00014166176282805236,0.0001861998585555515,2.1387026018511928,1.9606716124439123,1.7650645716725606,0.9689731043793458,1.0,1.0,3,0,0,0,0.041666666666666664,11,0.04652777777777778,11,0.9212773329484695,0.365848362520553,0.004876160277268227,-0.0001284050261396441,0.004876160277268227,-0.004492822442196065,1
2023-07-31 10:10:00+00:00,1.10323,1.10367,1.10323,1.10365,242.0,10,0,0,1,0,0,0,1.0,0.00043999999999999595,-1,11.3,1.0,0.0,1.102937262309584,1.1023608938334932,1.1017390075180526,1.1021035425096828,1.1021763817318964,1.106890868586452,1.103067698294356,1.1066357106257485,-1,-1,2.888824158264747e-06,29.284754141285372,1,0,0,0.3967021670776177,1.121833498669815,0.00043458306601799456,-7.69463654071938e-06,0,0.045,0.02,0.0,0,0.0,0.0,0,1.1252253891288153,0.5277777777777778,2.506300383597749,1.1074984591180639,0.53125,2.4546665283645464,0.0,0.0,0.00011931299662104441,0.00019000787345447749,0.0002613736363767341,2.1165384317020997,1.8931168876304538,1.6255292637461956,1.0,1.0,1.0,2,1,0,0,0.03819444444444445,16,0.04722222222222222,16,0.8135098295145253,0.8492964483687657,0.005347155167702233,-0.0008600398334240866,0.007807506163820754,-0.01008171209715747,1
2023-06-09 09:55:00+00:00,1.0762,1.07627,1.0758,1.07584,405.0,9,4,0,1,0,0,1,1.0,0.00046999999999997044,1,23.0,1.0,0.0,1.0763919774611517,1.0768287272950317,1.0770268257219928,1.076764222463743,1.074706496043826,1.0730088837859313,1.0738838739111118,1.0730307651222186,1,1,-1.578176866079417e-06,23.790475724474415,-1,0,0,-0.24347549514088498,1.2620423868247996,0.00034883052971270643,-8.002074917437882e-06,1,0.075,0.02,0.0,0,0.0,0.0,0,1.223612827362786,0.6319444444444444,2.359440407197137,1.25306682821441,0.6284722222222222,2.0628944516196106,0.0,0.0,7.905082903656739e-05,0.00012330008162510732,0.00017962304791886927,1.9006533784116488,1.6376594271707519,1.377842524407889,1.0883558744207733,1.0450878895285016,1.0338147129922164,3,1,0,0,0.034722222222222224,20,0.043055555555555555,20,-1.0267282261084454,-0.11695415101191613,0.002955242525660262,-0.0025681200804741344,0.00832271125440509,-0.0025681200804741344,-1
2023-09-14 10:10:00+00:00,1.07288,1.07322,1.07288,1.0731,252.0,10,3,0,1,0,0,0,1.0,0.00034000000000000696,0,17.0,1.0,0.0,1.073135002211093,1.073540787189028,1.0738191757455,1.073744179272234,1.0736737091984292,1.0749013387364028,1.0733389024731157,1.074514649248406,0,-1,3.613914922628858e-06,35.666597293943134,1,0,0,-0.28665439374431406,-0.33766449820120914,0.0002753963904006907,-8.019069768237472e-07,0,0.04,0.01,0.0,0,0.0,0.0,0,1.2256676577924475,0.5277777777777778,2.618265668360357,1.2539510397497629,0.4930555555555556,1.947413667970642,0.0,0.0,9.613179403334384e-05,0.00014223794803722118,0.0002151723374937976,1.8636878382191817,1.530636684939587,1.249404897853402,1.0,1.0,1.0,2,0,0,0,0.041666666666666664,8,0.04513888888888889,8,-0.02314501626176705,0.8038443579868405,0.0004288484486871802,-0.0022315202231519837,0.004060780717841217,-0.003028726448400243,-1
2023-04-21 09:55:00+00:00,1.09527,1.09551,1.09522,1.09546,258.0,9,4,0,1,0,0,1,1.0,0.00028999999999990145,0,-72.2,1.0,0.0,1.0955913772752512,1.0956240655127827,1.0960945115702092,1.096117469834214,1.0962136759607861,1.0956288903483204,1.0963798256946424,1.0957310526740387,0,1,-2.5676190562151644e-06,13.76633383810493,0,0,0,0.3597768978905192,2.2782738685951767,0.0004921975077362072,-6.402427748865584e-06,0,0.05,0.025,0.0,0,0.0,0.0,0,1.1767252328545066,0.5555555555555556,2.194917212023775,1.2305396428675828,0.5069444444444444,2.038338091692456,0.0,0.0,0.00010220847697458997,0.000178746241589463,0.00026188409019922736,1.8828941189437238,1.604834602867741,1.3362557114947116,1.0,1.0,1.0,3,0,0,0,0.04861111111111111,17,0.04722222222222222,17,-0.3370852432229528,-1.246523758408283,0.0013894729144197093,-0.00299431171786102,0.004087992667277884,-0.009932667540331508,-1
2023-06-19 10:10:00+00:00,1.09144,1.09163,1.09143,1.09162,246.0,10,0,0,1,0,0,0,1.0,0.00020000000000020002,0,-79.0,1.0,0.0,1.092093385328166,1.092657347251908,1.0933651292031368,1.0932199412279142,1.0920418613061422,1.0833652574212749,1.0904793093326408,1.0840243696823035,1,1,-1.8919635268677127e-06,30.808892001952483,0,0,0,-0.11423754093043707,0.9872512922402612,0.0003897976670276724,2.299306717350798e-06,0,0.075,0.015,0.0,0,0.0,0.0,0,1.1819234990884648,0.5902777777777778,2.5289201606660483,1.2201560019477018,0.5659722222222222,2.055449300077487,0.0,0.0,0.00011004665622437106,0.00016483369657796317,0.0002330866323504712,1.934370359414027,1.64466293649493,1.3617146727010583,1.0,1.0,1.0,3,1,0,0,0.03819444444444445,2,0.04583333333333333,2,-0.9605240106092255,0.05379838707419651,0.0006600055000458571,-0.00460484922538229,0.015999180961067783,-0.00460484922538229,-1
2023-11-24 12:00:00+00:00,1.09141,1.09158,1.09121,1.09133,255.0,12,4,0,1,1,1,1,1.0,0.00036999999999998145,0,31.9,1.0,0.0,1.091174987006461,1.0910108477534983,1.0906622788800615,1.0907827138718782,1.0906657850880155,1.0868843368692382,1.0909175769690271,1.0874703933855994,1,1,2.879259942245582e-07,18.25142764966961,0,0,0,0.6771270705653243,1.4755266576117037,0.00028592805828484046,-1.7424842527132954e-06,0,0.075,0.02,0.0,0,0.0,0.0,0,1.181058021231646,0.6111111111111112,2.488946231335698,1.2746416357714376,0.5902777777777778,2.3647302652510396,0.0,0.0,7.30519211803209e-05,0.00010672660773097153,0.00014954073577560468,2.059479589702268,1.833053997853725,1.5899057616795127,1.0,1.0,1.0,3,0,0,0,0.027777777777777776,9,0.04236111111111111,9,-0.28769920235940544,-0.870273569751013,0.00216718550556938,-0.0005220258265410394,0.005481951021761855,-0.00468777075524196,1
2023-04-17 09:55:00+00:00,1.09813,1.09847,1.09794,1.09805,514.0,9,0,0,1,0,0,1,1.0,0.0005300000000001415,1,-18.3,1.0,0.0,1.0977458495975305,1.0980800374735038,1.0990066207826412,1.0984702020709918,1.0998773823747388,1.0952975733665593,1.0989497391718424,1.0955430596121274,0,1,7.849808164661632e-06,30.732886598630508,1,0,0,-0.04279762068949967,1.166458414904547,0.000454918207770342,-3.0442582626223734e-06,0,0.055,0.01,0.0,0,0.0,0.0,0,1.0911376381372087,0.4930555555555556,2.6052386554795164,1.121705196429049,0.5138888888888888,2.376230883074494,0.0,0.0,0.00011069958797356571,0.00018146721111435166,0.00025827998955816456,2.0802506572054367,1.8361836642617495,1.556193397915288,1.1160581294636127,1.0,1.0,2,0,0,0,0.059027777777777776,3,0.04375,3,-0.5421834548709942,0.23205443357141034,0.0016419612314708676,-0.007591847801527329,0.013634517391625467,-0.008461107800112111,-1
2023-07-26 10:10:00+00:00,1.10765,1.10768,1.10738,1.10747,293.0,10,2,0,1,0,0,0,1.0,0.00029999999999996696,0,32.0,1.0,0.0,1.1072856494890566,1.1068331771671245,1.1057835188552678,1.106073841629658,1.1070251605999157,1.111154951048022,1.1083839683520296,1.1110942355026274,-1,-1,-4.0982949223167253e-07,33.312622138980586,0,0,0,0.4096906401787317,1.9362695857458116,0.00034428147067861695,-1.2312951615902453e-06,0,0.045,0.015,0.0,0,0.0,0.0,0,1.1905713881595685,0.5486111111111112,2.290629729457544,1.2186139081228178,0.5590277777777778,2.0652730844048763,0.0,0.0,8.759069758162341e-05,0.00014216512375712535,0.00020452468789177347,1.9073512523116565,1.584535786661202,1.2799794399408304,1.0,0.895927545852233,1.0,2,0,0,0,0.041666666666666664,29,0.04027777777777778,29,1.3539685505803003,-0.5943370477659381,0.004763114441763028,-0.00016250620683433414,0.004763114441763028,-0.013741205806394152,1
2023-06-12 09:55:00+00:00,1.07829,1.07865,1.07822,1.07852,414.0,9,0,0,1,0,0,1,1.0,0.0004300000000001525,1,74.3,1.0,0.0,1.0778110871102742,1.0768011919648908,1.0755547230330536,1.0753507598063752,1.075074474623737,1.07351551603729,1.0746903853916883,1.0735939438935924,1,1,3.314239786855744e-06,41.501109175109754,0,0,0,0.5828359311503921,2.97570964254265,0.00047217901511126584,7.645662629661421e-06,0,0.04,0.035,0.0,0,0.0,0.0,0,1.181058021231646,0.5625,2.0149466913240976,1.207888903182778,0.5486111111111112,2.0090271119076695,0.0,0.0,8.038998369874267e-05,0.00012786857650684856,0.00018560518377150903,1.8879074926075259,1.5871597193046676,1.327123227931439,1.0,1.0,0.9985434677805066,3,1,0,0,0.041666666666666664,4,0.041666666666666664,4,1.3162967604308191,0.9565104630671534,0.0047886116752686725,-0.00026881471250739253,0.010834520506860734,-0.00026881471250739253,1
2023-06-20 10:10:00+00:00,1.09318,1.09328,1.09302,1.09305,257.0,10,1,0,1,0,0,0,1.0,0.00025999999999992696,-1,45.1,1.0,0.0,1.0930779245901359,1.0930328279346317,1.0925267412346091,1.0925494258998494,1.0922233586358665,1.085265032258136,1.0914756746541634,1.0858613241401645,1,1,5.740126934794531e-06,25.165008136129806,1,0,0,0.4911103487492052,1.5505538697419154,0.0004125467243422937,-7.871713021064009e-06,0,0.075,0.02,0.0,0,0.0,0.0,0,1.1819234990884648,0.5625,2.310555560913043,1.2741962780536487,0.5868055555555556,2.1477155139720354,0.0,0.0,7.889051896168188e-05,0.00013111675317544426,0.00018692731250433448,1.9523898939011768,1.6603450876161583,1.3502057737388828,0.8769416035956964,1.0,1.0,2,0,0,0,0.04861111111111111,6,0.04791666666666667,6,0.8737480980856359,-0.1943346893537902,0.0017688246938925012,-0.0012152999872072634,0.014337416481069232,-0.003300901820967095,1
2023-12-15 12:00:00+00:00,1.09683,1.09694,1.09667,1.09673,421.0,12,4,0,1,1,1,1,1.0,0.00026999999999999247,0,89.4,1.0,0.0,1.096477501009438,1.0967419995514398,1.0973424524048574,1.0968223181236096,1.0928073109243261,1.0854643019801173,1.0902081482322301,1.085836015342531,1,1,1.7210405270917661e-06,12.401419069898276,0,0,0,-0.9565843122416404,3.1274639530590074,0.0004331453058049889,-3.969498282599139e-06,0,0.05,0.025,0.0,0,0.0,0.0,0,1.0917021474863065,0.4652777777777778,2.191597327700735,1.108560996018737,0.5138888888888888,2.073388497785836,0.0,0.0,0.00013536110713330184,0.0002278127771629552,0.0003334598256309353,1.9134702661161052,1.6459460392174592,1.3762179839388007,1.0056911120778926,1.0035578194132124,1.0,3,0,0,0,0.04513888888888889,4,0.04513888888888889,4,-1.387970664976589,1.4104239242558496,0.005402614966026675,-0.0035343715360433015,0.02155385202917315,-0.0035343715360433015,-1
2023-06-16 10:10:00+00:00,1.09466,1.09492,1.09465,1.09467,243.0,10,4,0,1,0,0,0,1.0,0.00026999999999999247,0,70.8,1.0,0.0,1.094687677585986,1.0946095148137271,1.0934358990114006,1.0930355508606582,1.088887194877185,1.0805190257800572,1.0865326286292842,1.0807835645825288,1,1,2.5936476242272024e-07,14.393524330230925,0,0,0,-0.44681150402358705,1.7051333149183125,0.000355618003504845,-8.708259375442084e-06,0,0.055,0.005,0.0,0,0.0,0.0,0,1.0911376381372087,0.4652777777777778,2.385867136552911,1.1637539518712328,0.4548611111111111,2.2349383765516517,0.0,0.0,0.00010793567735678223,0.0001897323049077325,0.0002811619696055052,2.0231069264456947,1.7571575148710399,1.4703639414933136,0.8878896336785096,1.0,1.0,2,0,0,0,0.04861111111111111,20,0.04652777777777778,20,0.012305913388497935,0.943409712844438,0.012214968653486924,-0.001277290683989185,0.019834541355344903,-0.001277290683989185,1
2023-12-12 12:00:00+00:00,1.0796300000000003,1.07987,1.07959,1.07981,287.0,12,1,0,1,1,1,1,1.0,0.000280000000000058,0,-6.9,1.0,0.0,1.0797043894801797,1.0792273406677857,1.0776964270718952,1.0777517734396982,1.0772189662635112,1.0810275644607668,1.077548642680771,1.08059304030346,0,-1,-1.3847594938276585e-06,24.84486091700602,0,0,0,0.3810489629242465,1.1168915033283722,0.00033543722413129285,-3.4753691001559895e-06,0,0.05,0.015,0.0,0,0.0,0.0,0,1.1905713881595685,0.5208333333333334,2.5316625469146574,1.2309420721583293,0.5868055555555556,2.375770619777523,0.0,0.0,8.461194720977994e-05,0.00014183011564074678,0.0002002611556122564,2.067241940639149,1.8259695410303318,1.548677134310014,0.8049840175947538,0.9852332892911217,1.0,3,0,0,0,0.041666666666666664,4,0.04652777777777778,4,0.7115588634418364,1.1683725908385731,0.0050634325232461475,-0.0008050486730578621,0.005793645618904719,-0.0031112095865877265,1
2023-05-16 09:55:00+00:00,1.08965,1.0897,1.08936,1.08936,350.0,9,1,0,1,0,0,1,1.0,0.0003399999999997849,0,27.9,1.0,0.0,1.0894413150054865,1.088887935967536,1.0880266834630092,1.0879396062542,1.088195021651722,1.093837288278038,1.0889112756286699,1.0931709385167439,-1,-1,-1.1311758900456326e-05,35.077640930598335,-1,0,0,-0.029060192292402413,0.12360677864665046,0.0003945526041843835,-3.56956976161585e-06,0,0.055,0.02,0.0,0,0.0,0.0,0,1.2613500961375388,0.5763888888888888,2.5006152302622944,1.2596505379694865,0.59375,2.419358729580958,0.0,0.0,8.209104904573785e-05,0.00012926969669464387,0.00017739458294635416,2.0688678474202096,1.8505931455568778,1.6128677846402688,1.0,1.0,1.0,3,0,0,0,0.04513888888888889,10,0.04375,10,0.3815927230834647,0.15641331627882585,0.002659990611797891,-0.0006788368039630788,0.004379454366085556,-0.009735744089012566,1
2023-02-20 10:55:00+00:00,1.06846,1.06888,1.0684,1.06881,401.0,10,0,0,1,0,0,0,1.0,0.00048000000000003595,0,-3.0,1.0,0.0,1.0685869773700079,1.068811314173723,1.0683444314312356,1.0687621302248527,1.068101002993102,1.0712173050402627,1.0685653039579421,1.0709081264899936,0,-1,7.425606164712662e-06,14.125099850750683,1,0,0,0.4003129571424356,0.6129896656417506,0.0004202167948140544,9.710837130903403e-07,0,0.04,0.005,0.0,0,0.0,0.0,0,1.1223812433380593,0.5138888888888888,2.579293579079602,1.1089858620939388,0.5034722222222222,2.4164769712559013,0.0,0.0,0.00011949335180921233,0.0001833169480424687,0.000253753228483081,2.077848126784282,1.8616682585632367,1.619300235971754,1.0066946525740523,1.0,1.0,3,1,0,0,0.041666666666666664,18,0.04722222222222222,18,0.7759496202491302,0.27021095834679165,0.006687325164122182,-0.001270826130427949,0.006687325164122182,-0.008239225564147024,-1
2023-11-07 12:00:00+00:00,1.06738,1.0678,1.06738,1.06778,500.0,12,1,0,1,1,1,1,1.0,0.00042000000000008697,1,110.4,1.0,0.0,1.0678330426931844,1.068640680655745,1.0704383278072793,1.0703741966215767,1.0703624995151622,1.0641689556193068,1.069184701835488,1.064751309739465,1,1,6.9792341948593515e-06,41.04395866207642,1,0,0,-0.23407020695551514,0.5102699122887706,0.00039981989493159914,2.0362831349855066e-06,0,0.095,0.01,0.0,0,0.0,0.0,0,1.0894432129154943,0.4791666666666667,2.6907527772529,1.1209577349789406,0.5069444444444444,2.34838283849631,0.0,0.0,9.304312860470021e-05,0.00013647083227718624,0.00018326291884703555,2.0099669558135234,1.7747724781206151,1.550948829971191,0.9284467389749325,1.0,1.0,3,0,0,1,0.04861111111111111,0,0.04652777777777778,0,-1.8413420106403495,-0.5293156262929172,0.0011438643864385423,-0.0069564570429478945,0.014739563039904091,-0.007150362167238522,-1
2023-05-04 09:55:00+00:00,1.1054099999999998,1.10558,1.10529,1.10549,475.0,9,3,0,1,0,0,1,1.0,0.00028999999999990145,0,263.8,1.0,0.0,1.1051003460383446,1.1058535011107289,1.10631686924275,1.105984794163434,1.103987887589773,1.1012654869969063,1.1033870374837875,1.1015643415496388,1,1,1.3419086732913144e-05,34.6056800515568,1,0,0,-0.2442800177692325,0.8022238045099266,0.0004586676833191151,-4.369674609427954e-06,0,0.07,0.01,0.0,0,0.0,0.0,0,1.0915610341506863,0.5416666666666666,2.4876458512223096,1.1246924027545186,0.5763888888888888,2.432376078520055,0.0,0.0,0.0001423166224210546,0.00021536867146734095,0.0002914688306875474,2.1106417140563956,1.91119541740551,1.7021473105383678,1.0,0.9888766215283155,1.0,1,0,0,0,0.04861111111111111,12,0.043055555555555555,12,-0.771930523031549,0.05942995862323047,0.002112114289858358,-0.0032189421672406127,0.010167351683054271,-0.0032189421672406127,-1
2023-06-14 09:55:00+00:00,1.08051,1.08052,1.08043,1.08043,325.0,9,2,0,1,0,0,1,1.0,8.999999999992347e-05,1,42.7,1.0,0.0,1.0800931896378372,1.0795821163588077,1.0791577653695938,1.079129122123927,1.0782071024333126,1.0753396066697791,1.0775057660797858,1.0754558506245258,1,1,-2.4346904545335944e-06,32.5726874150496,-1,0,0,-0.39683486455481387,1.383017004789974,0.0003081579867688333,1.0471867356206187e-06,0,0.04,0.025,0.0,0,0.0,0.0,0,1.3452439243762422,0.5972222222222222,2.341727749819022,1.2930563060602203,0.5451388888888888,1.984901626726445,0.0,0.0,9.584573066247809e-05,0.00014828196884602974,0.00022235943747160572,1.892827344794777,1.5420645990765844,1.1937850357871094,1.0,1.0,1.0,3,0,0,0,0.04861111111111111,14,0.043055555555555555,14,-0.6076973233394153,0.7016274961610459,0.0026262063845583494,-0.0010540233179543446,0.010522082343478179,-0.0010540233179543446,1
2023-01-17 10:55:00+00:00,1.08242,1.08273,1.08213,1.08213,512.0,10,1,0,1,0,0,0,1.0,0.0005999999999999339,0,14.1,1.0,0.0,1.0817924478027736,1.082060452350159,1.0822984792019477,1.0823373862009724,1.0822591019625012,1.075371839067894,1.0817242704603678,1.0760699427919274,1,1,7.17263933489587e-06,20.07492631993197,1,0,0,-0.2659877876183418,1.0067393230585604,0.0005782748468230806,-4.336915912116548e-06,0,0.06,0.025,0.0,0,0.0,0.0,0,1.1243725465435082,0.5625,2.5809714180326084,1.1827886182598255,0.5694444444444444,2.379463698116213,0.0,0.0,0.0001130579407515237,0.00017203297591250494,0.0002378973887586356,2.0479080900925166,1.8190221753862756,1.5766340888130639,1.0,1.0,1.0,1,0,0,0,0.04513888888888889,1,0.04791666666666667,1,0.015496858260970348,-0.7813402556472393,0.0014066129315848386,-0.0013012902154049266,0.009864123334204278,-0.0048189668650044926,-1
2023-03-29 09:55:00+00:00,1.08539,1.08627,1.08537,1.08597,602.0,9,2,0,1,0,0,1,1.0,0.0009000000000001229,1,426.6,1.0,0.0,1.084445585839515,1.0838958230517002,1.0836471245938342,1.0835796011547614,1.0821983621100961,1.0776687296210319,1.081744311625349,1.0781488181626249,1,1,1.172415839683083e-05,32.01503145414027,1,0,0,0.24745815232465113,0.446597771975302,0.0004929826648990495,4.796607335177429e-06,0,0.04,0.015,0.0,0,0.0,0.0,0,1.207634749707381,0.5763888888888888,2.5131222049311774,1.2081793261547653,0.5833333333333334,2.3158919580403854,0.0,0.0,0.00011092168820801588,0.00016964482813764878,0.00023733122490465438,2.0274065914639063,1.7725655902116118,1.5142198033664722,1.0999957899766835,1.148906705536764,1.11855289972128,3,1,1,0,0.03819444444444445,5,0.04097222222222222,5,0.11210082479760172,-0.5848160904936376,0.003984616238004612,0.0,0.013088419127936568,-0.005968018013894905,1
2023-07-13 10:10:00+00:00,1.11621,1.11639,1.11601,1.11638,419.0,10,3,0,1,0,0,0,1.0,0.00038000000000004697,0,-112.5,1.0,0.0,1.1164894000976533,1.115796220578636,1.1135823873285053,1.11340254779962,1.1084816301314904,1.0983655486011015,1.1058974496837517,1.0989474117413376,1,1,-8.339028396919801e-06,19.85951096844982,-1,0,0,-0.412565524692362,1.5502193339523298,0.00048656201342116203,-8.058504298328164e-07,0,0.065,0.02,0.0,0,0.0,0.0,0,1.1029384874051082,0.5625,2.2607150040947133,1.1331609818836335,0.5243055555555556,1.4560604503940802,0.0,0.0,0.00012593661014950082,0.00020143114173590195,0.00031694052661653807,1.4616399050321514,1.1954000123739672,0.971421484671629,1.0,0.9414739233936161,1.0,3,0,0,0,0.052083333333333336,6,0.04652777777777778,6,0.4554829389761378,1.8119449028785457,0.013536455827212635,-0.0008860091106795975,0.02992785578537549,-0.0008860091106795975,1
2023-08-14 10:10:00+00:00,1.09498,1.0953,1.09494,1.09505,326.0,10,0,0,1,0,0,0,1.0,0.00035999999999991594,0,-1.8,1.0,0.0,1.094909904018779,1.0946342337107322,1.0947077697659546,1.0943446708673092,1.0959226070614423,1.0981741224477328,1.0961471392887094,1.0978360956572313,-1,-1,1.005184450497687e-06,15.92514442105639,0,0,0,0.06900969523328075,2.997342791576169,0.0003643651465949019,-6.465696466642363e-06,0,0.045,0.02,0.0,0,0.0,0.0,0,1.1547717145751626,0.5763888888888888,2.2441555112033607,1.1691478787053755,0.5138888888888888,2.0784584744231003,0.0,0.0,0.00010278320784718427,0.00016131805295859796,0.00023781915108785914,1.957263764811522,1.6413280176070881,1.3463987214597664,1.0794344674943348,1.0,1.0,2,0,0,0,0.041666666666666664,14,0.04791666666666667,14,0.22500342687791172,-0.22572659805957335,0.0019580752303482996,-0.00487091175107468,0.0019580752303482996,-0.008304504537139268,1
2023-09-01 10:10:00+00:00,1.08483,1.08487,1.08447,1.08487,202.0,10,4,0,1,0,0,0,1.0,0.00039999999999995595,0,3.9,1.0,0.0,1.085026175152473,1.0849210654669563,1.0850260896423753,1.0851847486523876,1.0862085077911268,1.0860794060416552,1.085772268241518,1.0857681774845243,0,1,-4.858199109647466e-06,16.229150603183417,-1,0,0,-0.2456401942164923,2.9046480657951697,0.0003431227759782972,1.3459621813809597e-06,0,0.05,0.02,0.0,0,0.0,0.0,0,1.1767252328545066,0.4722222222222222,2.0037049443842387,1.1693633469497997,0.5277777777777778,2.0878432854830318,0.0,0.0,9.095240734727492e-05,0.00016185795173190607,0.00024720650798827154,1.9519717114571915,1.6008439057850656,1.2208812826650302,1.0,0.975833688869196,1.0,2,0,0,0,0.03819444444444445,39,0.04583333333333333,39,1.106091747532295,0.5982974206844618,0.0017174356654139356,-0.0028585084284634688,0.007260572861055525,-0.008780425407499348,1
2023-04-11 09:55:00+00:00,1.0911800000000003,1.09131,1.09104,1.09129,332.0,9,1,0,1,0,0,1,1.0,0.00026999999999999247,0,-6.6,1.0,0.0,1.090898627876904,1.0901555036611368,1.0885323076425717,1.0884470670446509,1.0888386566921782,1.0883024737138236,1.0895266049630683,1.0885866232355133,0,1,-5.742639736228128e-06,29.43952182003132,-1,0,0,0.2791607781612046,-0.11456917858694687,0.00044669902367357254,-2.005081475568119e-06,0,0.05,0.025,0.0,0,0.0,0.0,0,1.148319454122853,0.5347222222222222,2.6094494568513853,1.181058021231646,0.5069444444444444,2.2917940450636056,0.0,0.0,0.0001103506181891317,0.00016428876042628684,0.00022993747746002954,1.9913046949441244,1.7311698065348808,1.484947313125006,0.8229455344995814,1.0,1.0,2,0,0,0,0.052083333333333336,11,0.044444444444444446,11,0.9469009783012152,-0.7134264619158766,0.007394210176500993,-0.0004854280009524148,0.007394210176500993,-0.0051597611559323076,1
2023-09-05 10:10:00+00:00,1.07442,1.07472,1.07438,1.07472,223.0,10,1,0,1,0,0,0,1.0,0.00034000000000000696,0,-131.6,1.0,0.0,1.074981478318883,1.0757718458056793,1.077752229055846,1.07748928129228,1.0792144328703417,1.0832520076363537,1.0795983780378182,1.082507488270777,-1,-1,-6.908384857950977e-07,27.261722239585723,0,0,0,-0.6345058211120115,1.854317172443189,0.00039531109787091094,-3.9026804719577595e-06,0,0.08,0.04,0.0,0,0.0,0.0,0,1.0712846353718721,0.4861111111111111,2.2553354133446115,1.2880748337377332,0.5104166666666666,2.1215048556108447,0.0,0.0,7.507796274966796e-05,0.00011406930376313137,0.00016694613868130698,1.9197465749059022,1.6576372494604765,1.3828281531434046,1.0,1.0,0.9895185161316751,2,0,0,0,0.052083333333333336,1,0.04791666666666667,1,-1.4291076044940394,-0.7950152497885379,0.00046545400383535274,-0.0056438629929127515,0.00046545400383535274,-0.01805423580147647,-1
2023-05-09 09:55:00+00:00,1.09816,1.0984,1.09816,1.0984,195.0,9,1,0,1,0,0,1,1.0,0.00024000000000001798,0,-115.3,1.0,0.0,1.0981063260623145,1.0983519493923801,1.0995753288617656,1.0998061225397004,1.1011456247984484,1.1014922117235917,1.1010700163325242,1.1013700846033114,-1,-1,1.6696056897247403e-06,20.174483156082804,0,0,0,-0.4749700315205369,2.76138494775142,0.0003472610738899425,-5.4189504212356875e-06,0,0.05,0.03,0.0,0,0.0,0.0,0,1.2029818627477793,0.5277777777777778,2.2086777331813607,1.2353679536822888,0.5243055555555556,2.185328762698585,0.0,0.0,8.232021260311766e-05,0.00013577060833838732,0.00019344307119285373,1.9789173810636285,1.7142926700014895,1.4772064335830555,1.0,1.0,1.0,3,1,0,1,0.04513888888888889,0,0.04236111111111111,0,-0.9518237707294909,0.15002294751502268,0.0009933382544586866,-0.006008832259465691,0.003688698304522786,-0.009611743278091223,-1
2023-11-08 12:00:00+00:00,1.0677,1.06772,1.06728,1.06729,233.0,12,2,0,1,1,1,1,1.0,0.00043999999999999595,0,-34.2,1.0,0.0,1.0672112400881544,1.067259153223037,1.0682617737477282,1.0682794192264378,1.069116343179803,1.0650840410728226,1.06912183756769,1.065667802092949,0,1,-4.015903547438526e-06,23.75675270152175,-1,0,0,0.1273337268231453,0.6858935128952922,0.0003348899013589438,-1.4879823992817585e-06,1,0.06,0.005,0.0,0,0.0,0.0,0,1.1964209471916636,0.5,2.5571487299026905,1.192490411623928,0.5277777777777778,2.4513344025259767,0.0,0.0,0.00010529018878126782,0.0001516973808075167,0.00020221062536152808,2.0821698343403874,1.8851054282026376,1.6879626755464117,0.9548112262337395,1.0,1.0,3,0,0,0,0.04861111111111111,12,0.04722222222222222,12,0.7133767314458286,0.3118204700191522,0.001153781213065086,-0.0028029786319594407,0.014273903085709971,-0.0076059769217178275,-1
2023-12-04 12:00:00+00:00,1.0869,1.08696,1.08656,1.08678,353.0,12,0,0,1,1,1,1,1.0,0.00039999999999995595,0,-27.2,1.0,0.0,1.0870920624230551,1.0870266677352625,1.0874396981788397,1.0873208142262376,1.0888510080808993,1.0910475619335116,1.0889110303437823,1.0905445973312213,-1,-1,-6.024300324747323e-06,16.30354609395062,-1,0,0,0.9394474058441185,2.7580516395026673,0.0003438165183361931,-2.264520988528928e-06,0,0.035,0.01,0.0,0,0.0,0.0,0,1.090431791292553,0.5138888888888888,2.4485612844177607,1.1239815455494837,0.5069444444444444,2.40376803425253,0.0,0.0,0.00011988026414301676,0.00020259521591761814,0.00027114406725977025,2.0810067427492447,1.8771020190562393,1.6726912515415455,1.005475130066187,1.0,1.0,2,0,0,0,0.059027777777777776,7,0.052083333333333336,7,-0.10771567607782087,-0.9335106443133493,0.0028236075739120903,-0.002807751596564434,0.0028236075739120903,-0.013390465988216249,1
2023-02-22 10:55:00+00:00,1.06315,1.06316,1.06247,1.06249,464.0,10,2,0,1,0,0,0,1.0,0.0006900000000000794,0,-95.6,1.0,0.0,1.0637771945274919,1.0644235453275375,1.065235060089946,1.065139586858295,1.0661006106752768,1.0693244613538782,1.06675482759293,1.0691389170228371,-1,-1,-5.758065181926675e-06,43.91290902623943,-1,0,0,-0.48388094413460403,1.5005043504043343,0.0005550743221046691,-4.622696252018087e-07,1,0.065,0.02,0.0,0,0.0,0.0,0,1.0917021474863065,0.6319444444444444,2.4085776691318244,1.1252253891288153,0.6041666666666666,2.366021746813049,0.0,0.0,0.00013212409512164126,0.00019947323890344272,0.00027525321077929006,2.053367965013938,1.816119110499887,1.584599458326154,1.143273704218863,1.1079826808730266,1.0868774506799812,3,1,0,0,0.04513888888888889,1,0.04583333333333333,1,-0.012142088814274893,-0.40703458090374534,0.0,-0.006145585841767498,0.000734663891269749,-0.009009933311570184,-1
2023-01-26 10:55:00+00:00,1.09041,1.09072,1.09013,1.09065,399.0,10,3,0,1,0,0,0,1.0,0.0005899999999998684,0,136.2,1.0,0.0,1.0903255595167767,1.0907155263833537,1.0908776016727328,1.0907642343941641,1.08961142388736,1.0847598885028578,1.0888795826943372,1.085183272963668,1,1,9.037624515895181e-06,18.6210365008294,1,0,0,-0.4485336319418561,1.8620253689404376,0.00047796716814764705,-2.44830042041674e-06,0,0.04,0.02,0.0,0,0.0,0.0,0,1.1252253891288153,0.5486111111111112,2.3544439573774367,1.1239815455494837,0.5729166666666666,2.3824197857709275,0.0,0.0,0.00011546832452396239,0.00020019914754472532,0.0002804988858460908,2.060376919916003,1.8185025214894788,1.5522004657948292,1.0,0.9146085087693361,1.0,3,0,0,0,0.041666666666666664,22,0.04583333333333333,22,0.3532674513132297,0.23366047803529427,0.004337256202000095,-0.0018669522005326789,0.010956313784377558,-0.0018669522005326789,-1
2023-02-28 10:55:00+00:00,1.06122,1.0617,1.06118,1.0616,615.0,10,1,0,1,0,0,0,1.0,0.000520000000000076,1,82.4,1.0,0.0,1.0611726287717567,1.0606899805631687,1.0597289782058916,1.0595418975061193,1.0586740017609346,1.0627714654912803,1.0589617016035158,1.0623335437041106,0,-1,3.898559591064554e-06,19.17449088885701,0,0,0,0.05175639640147956,2.0590921194527296,0.0005438651877450049,-1.0698597132200838e-05,0,0.06,0.02,0.0,0,0.0,0.0,0,1.0485876715036642,0.5486111111111112,2.2422701501856874,1.1367360577402663,0.5486111111111112,2.2779533853157363,0.0,0.0,0.00011989436367745999,0.00019064870013050107,0.0002638206255375327,2.032325900927909,1.7794312710515388,1.4918906727509855,1.0,1.0,1.0,2,1,0,0,0.04513888888888889,15,0.04513888888888889,15,0.10968751340199266,0.4995725700067891,0.005979399027755461,-0.0007624175224254515,0.007793884506213322,-0.006978092904046385,1
2023-02-17 10:55:00+00:00,1.06424,1.06427,1.06395,1.06414,520.0,10,4,0,1,0,0,0,1.0,0.000320000000000098,0,126.4,1.0,0.0,1.0640650238481628,1.0640812230574872,1.065395206921642,1.0656999784306287,1.0677374236189292,1.0721746443084381,1.0684428325658366,1.0717088290451326,-1,-1,6.8751176756975955e-06,18.24406521458982,1,0,0,-0.17603084881362654,2.019124630390225,0.0004823698569231693,-1.3131659711316515e-05,0,0.05,0.025,0.0,0,0.0,0.0,0,1.1249411464165928,0.6041666666666666,2.183961327081484,1.1235193603355311,0.5277777777777778,2.365080128161917,0.0,0.0,0.00011755051100401812,0.0002025316896240924,0.0002825536414941476,2.071157005204327,1.831949595820319,1.5715136307499167,1.0,1.0,1.0,2,0,0,0,0.04861111111111111,12,0.04652777777777778,12,-0.6943339498606903,-0.15121884192248777,0.0009029515227902962,-0.006043283735440497,0.0009029515227902962,-0.01257257088896191,1
2023-03-09 10:55:00+00:00,1.05676,1.05685,1.0566,1.05661,298.0,10,3,0,1,0,0,0,1.0,0.0002500000000000835,0,95.7,1.0,0.0,1.056135762303036,1.0558185783053498,1.0552060391529088,1.0552566350632488,1.0567324590835925,1.0605350322762293,1.0581323263437574,1.0604121539903641,-1,-1,9.580016145260828e-06,15.79730390990006,1,0,0,0.19837152534648622,1.1184471268810534,0.0004104202382423795,-4.2479355140417616e-06,0,0.05,0.015,0.0,0,0.0,0.0,0,1.114968488580223,0.5416666666666666,2.4263328004009646,1.1900981479559003,0.5520833333333334,2.2622135283996543,0.0,0.0,0.00011165150072958612,0.00017596787281481605,0.0002531441593440544,2.0182332203402673,1.750821428347069,1.473410962500631,1.0285691521968525,1.0,1.0,3,0,0,0,0.03125,18,0.043055555555555555,18,1.0305732109045584,-0.4942179616079377,0.0029806259314457684,-0.00015536209034128223,0.003866836414768038,-0.011904539248508317,1
2023-06-15 09:55:00+00:00,1.08436,1.08475,1.08436,1.08475,319.0,9,3,0,1,0,0,1,1.0,0.0003900000000001125,0,126.1,1.0,0.0,1.0838093308381338,1.0829168305363028,1.0823881160757391,1.082484827097258,1.0811364809419124,1.076981730109706,1.079939204845739,1.0770667640093268,1,1,-6.228081566250765e-07,48.28896821184139,0,0,0,0.3560855859388769,0.7539541757794513,0.0003977033400112681,-1.354424021732866e-06,0,0.045,0.03,0.0,0,0.0,0.0,0,1.2080704223069119,0.4861111111111111,2.255701518908053,1.1689323883091989,0.5104166666666666,1.6243627171587698,0.0,0.0,0.0001025632844506197,0.00017128405245132216,0.00026756618119729383,1.74169318667772,1.3667237001239534,1.0438599950959153,1.0132560967023534,1.0059739010446722,1.0049379228156994,1,0,0,0,0.05555555555555555,9,0.04375,9,0.15450868732685238,0.5642577456886435,0.004156406790957856,-0.0014176693148237884,0.011261618205039792,-0.0014176693148237884,1
2023-02-09 10:55:00+00:00,1.0775,1.07779,1.07734,1.07772,633.0,10,3,0,1,0,0,0,1.0,0.00045000000000006146,1,250.6,1.0,0.0,1.0765164286865792,1.0754893013400302,1.0737447473518407,1.0738095958980132,1.0738260148649972,1.0799328334355403,1.0749583708216397,1.0796328576546528,-1,-1,7.073806341417743e-06,37.56061751564632,1,0,0,0.6102150701464182,1.483810594064922,0.0005300706633569707,-4.549643185442864e-06,0,0.035,0.025,0.0,0,0.0,0.0,0,1.1723833963240606,0.5972222222222222,2.392306922699769,1.1826804979607302,0.5902777777777778,2.38922606851959,0.0,0.0,0.00013015753837604217,0.0002078433789165459,0.00029149383781716854,2.101156510862371,1.8740744325194796,1.6121421829637361,0.9970706689613743,0.8821122639893945,1.0,3,0,1,0,0.034722222222222224,5,0.03680555555555556,5,0.41008683930855006,-0.6742107358584484,0.0063026975545534825,0.0,0.010008996851102125,-0.020299077314667513,1
