number,value,datetime_start,datetime_complete,duration,params_colsample_bylevel,params_colsample_bynode,params_colsample_bytree,params_gamma,params_learning_rate,params_max_depth,params_min_child_weight,params_n_estimators,params_reg_alpha,params_reg_lambda,params_subsample,user_attrs_mean_accuracy,user_attrs_mean_combined,user_attrs_mean_f1_weighted,user_attrs_mean_sharpe,user_attrs_std_accuracy,user_attrs_std_combined,user_attrs_std_f1_weighted,user_attrs_std_sharpe,state,mean_f1_weighted,std_f1_weighted,mean_accuracy,std_accuracy,mean_sharpe,std_sharpe,mean_combined,std_combined,trial_number
0,0.5561370271290939,2025-09-10 15:05:21.832734,2025-09-10 15:05:27.269785,0 days 00:00:05.437051,0.9499397176815474,0.6937379145233991,0.6461406956006734,3.6953949678350355,0.029626451992513726,3,8,919,0.0013773374027495867,0.001545770991865225,0.6574501440546028,0.4394777265745008,0.5561370271290939,0.4313170901403358,1.725006537630791,0.10929520288927333,0.234650005939237,0.10926866463370684,1.6117037110258203,COMPLETE,0.4313170901403358,0.10926866463370684,0.4394777265745008,0.10929520288927333,1.725006537630791,1.6117037110258203,0.5561370271290939,0.234650005939237,0
1,0.5029178011509599,2025-09-10 15:05:27.269785,2025-09-10 15:05:29.853639,0 days 00:00:02.583854,0.6267007621443952,0.6605593810564313,0.6096204602953929,4.537228392973826,0.05920012265550529,10,10,187,1.2132071293902189e-05,0.12159861356947205,0.7514452570531818,0.45622119815668205,0.5029178011509599,0.429516737406031,1.4614329871190184,0.10826017243504445,0.2745959541337349,0.11683675936817861,1.9422744602650466,COMPLETE,0.429516737406031,0.11683675936817861,0.45622119815668205,0.10826017243504445,1.4614329871190184,1.9422744602650466,0.5029178011509599,0.2745959541337349,1
2,0.5745231930563308,2025-09-10 15:05:29.854637,2025-09-10 15:05:32.757836,0 days 00:00:02.903199,0.683792880324527,0.8382435181677497,0.7801570375397467,0.0026924836351022163,0.014367148490345318,4,6,174,0.35139208791289916,4.76889991321951e-07,0.9923402879064809,0.4186635944700461,0.5745231930563308,0.4104578736027862,1.808745577759223,0.11342531096405749,0.19964178503761335,0.11131201091752689,1.3343695866428582,COMPLETE,0.4104578736027862,0.11131201091752689,0.4186635944700461,0.11342531096405749,1.808745577759223,1.3343695866428582,0.5745231930563308,0.19964178503761335,2
3,0.47583428827317353,2025-09-10 15:05:32.759336,2025-09-10 15:05:37.299993,0 days 00:00:04.540657,0.8651419545719674,0.880180071287606,0.6681377364955626,4.972790002730946,0.046835456779627097,9,10,124,8.453257464243621e-05,1.9906848506556918e-06,0.719582853493001,0.45130568356374806,0.47583428827317353,0.4276341520077521,1.306151858255292,0.1101944724062276,0.26678758341390596,0.11781585258206471,1.924092887088495,COMPLETE,0.4276341520077521,0.11781585258206471,0.45130568356374806,0.1101944724062276,1.306151858255292,1.924092887088495,0.47583428827317353,0.26678758341390596,3
4,0.5283988161845502,2025-09-10 15:05:37.301992,2025-09-10 15:05:44.048704,0 days 00:00:06.746712,0.7979530074447218,0.9083188705211764,0.6950020218932034,3.715666459626665,0.04576989910885777,5,4,658,9.939425935292322e-08,4.294768211744533e-07,0.6737911460524465,0.45061443932411677,0.5283988161845502,0.4330425334746181,1.8076909874031577,0.1203523713420368,0.2379927960276639,0.12377480566717212,2.0691533272132756,COMPLETE,0.4330425334746181,0.12377480566717212,0.45061443932411677,0.1203523713420368,1.8076909874031577,2.0691533272132756,0.5283988161845502,0.2379927960276639,4
5,0.5754446660948581,2025-09-10 15:05:44.049719,2025-09-10 15:05:53.071183,0 days 00:00:09.021464,0.6513520093643329,0.6816011011715217,0.7271420005045012,0.2708189608165268,0.02313449756730641,4,3,471,1.25102490098548e-07,1.1114535602819699e-07,0.6721147252750648,0.4650537634408602,0.5754446660948581,0.43130080888758415,2.2456764230532094,0.12144222162987713,0.23000961286617447,0.14738173623136222,2.2951473121447057,COMPLETE,0.43130080888758415,0.14738173623136222,0.4650537634408602,0.12144222162987713,2.2456764230532094,2.2951473121447057,0.5754446660948581,0.23000961286617447,5
6,0.5331923008202939,2025-09-10 15:05:53.073177,2025-09-10 15:05:56.268136,0 days 00:00:03.194959,0.6940776319942376,0.7573510046272427,0.8761145793321912,3.7191789008425804,0.12157453311391875,7,3,771,0.002592032736346979,4.8337282705365355e-06,0.6919931537004751,0.46159754224270355,0.5331923008202939,0.4282733594880048,1.7325865831412446,0.11546075566674657,0.23953115642871758,0.12889504198309296,1.9480028932780236,COMPLETE,0.4282733594880048,0.12889504198309296,0.46159754224270355,0.11546075566674657,1.7325865831412446,1.9480028932780236,0.5331923008202939,0.23953115642871758,6
7,0.46801770788825636,2025-09-10 15:05:56.270146,2025-09-10 15:06:00.970614,0 days 00:00:04.700468,0.7547775659556404,0.9049067857003825,0.9238430317609141,1.472083096514492,0.13759367795371655,10,5,723,0.0003097795190963977,0.00012124333338061843,0.6595990620263146,0.4504608294930875,0.46801770788825636,0.44326014622191834,1.7277150504751628,0.13971645914289968,0.262341376881682,0.14034135937917408,2.6655705538096486,COMPLETE,0.44326014622191834,0.14034135937917408,0.4504608294930875,0.13971645914289968,1.7277150504751628,2.6655705538096486,0.46801770788825636,0.262341376881682,7
8,0.5415444378099084,2025-09-10 15:06:00.971613,2025-09-10 15:06:09.263788,0 days 00:00:08.292175,0.9679942538556615,0.7873890854476504,0.9635782458448677,3.1765256262261374,0.03769510106800624,8,8,581,5.083196372429404e-05,0.005057816890690072,0.6724961722284253,0.46927803379416283,0.5415444378099084,0.45320656770545853,1.966879337493188,0.11934258092512368,0.24543136260604087,0.12297177121604572,2.2795851323582155,COMPLETE,0.45320656770545853,0.12297177121604572,0.46927803379416283,0.11934258092512368,1.966879337493188,2.2795851323582155,0.5415444378099084,0.24543136260604087,8
9,0.46676981920499205,2025-09-10 15:06:09.265782,2025-09-10 15:06:13.766703,0 days 00:00:04.500921,0.7891923328068556,0.800684709173385,0.639434434628965,3.062074525058013,0.05893880337126259,7,9,178,2.657603102761089e-06,2.477207083164481e-05,0.7031780200040607,0.4562980030721966,0.46676981920499205,0.43126784608144186,1.4754857337486644,0.12192699904182122,0.26559453705727143,0.12639581507388414,2.298457893322834,COMPLETE,0.43126784608144186,0.12639581507388414,0.4562980030721966,0.12192699904182122,1.4754857337486644,2.298457893322834,0.46676981920499205,0.26559453705727143,9
10,0.5094582038076443,2025-09-10 15:06:13.767700,2025-09-10 15:06:25.786605,0 days 00:00:12.018905,0.6101093113217062,0.6073072192448478,0.7763941047372559,0.1228501065842853,0.01198572485824121,5,1,387,1.5169592656705797e-08,1.4316073858824212e-08,0.8462729118095622,0.46321044546851,0.5094582038076443,0.43516213542034454,1.8082260729237039,0.12599515733763336,0.27305060930197794,0.13143932179870513,2.427672057568994,COMPLETE,0.43516213542034454,0.13143932179870513,0.46321044546851,0.12599515733763336,1.8082260729237039,2.427672057568994,0.5094582038076443,0.27305060930197794,10
11,0.5470760825383298,2025-09-10 15:06:25.789122,2025-09-10 15:06:29.991624,0 days 00:00:04.202502,0.6899854745046147,0.993649963222156,0.7702600691371295,0.031180719426154163,0.012308729029036626,3,6,400,1.061791475569621,1.196186342397559e-08,0.974249843845204,0.3932411674347158,0.5470760825383298,0.35795489512181033,1.6345186364064785,0.11285734252674794,0.21517039159268486,0.133504992748541,1.3483947498421682,COMPLETE,0.35795489512181033,0.133504992748541,0.3932411674347158,0.11285734252674794,1.6345186364064785,1.3483947498421682,0.5470760825383298,0.21517039159268486,11
12,0.5423165387850872,2025-09-10 15:06:29.994617,2025-09-10 15:06:38.525697,0 days 00:00:08.531080,0.6921891885600475,0.7121821088710281,0.8331250812575611,1.2581651736478756,0.021019663009074877,5,2,368,1.1186851582330941,1.7795437558143078e-07,0.9966461920856011,0.45714285714285713,0.5423165387850872,0.4373546195993566,1.9832752398691431,0.12697002465339347,0.24368737531873244,0.13079638058457324,2.2389711691139027,COMPLETE,0.4373546195993566,0.13079638058457324,0.45714285714285713,0.12697002465339347,1.9832752398691431,2.2389711691139027,0.5423165387850872,0.24368737531873244,12
13,0.5486032170947528,2025-09-10 15:06:38.527692,2025-09-10 15:06:45.871638,0 days 00:00:07.343946,0.6574085581517105,0.8500297718752451,0.7359987087791505,0.8984606190215608,0.019700900912899534,4,6,329,0.030181407008346203,1.6865805315828752e-07,0.870033406151985,0.44754224270353304,0.5486032170947528,0.4404691623148046,1.9444914472648818,0.12220574414571851,0.2398310189048887,0.12101252700917144,2.066366850134013,COMPLETE,0.4404691623148046,0.12101252700917144,0.44754224270353304,0.12220574414571851,1.9444914472648818,2.066366850134013,0.5486032170947528,0.2398310189048887,13
14,0.5119855460994206,2025-09-10 15:06:45.874629,2025-09-10 15:06:54.644956,0 days 00:00:08.770327,0.7406110702134013,0.6066340014913569,0.8319381689500698,2.0630943049413735,0.01864753267237267,4,4,503,3.543445409296221e-07,4.543518275471721e-06,0.907236029013873,0.45153609831029184,0.5119855460994206,0.44074000279807984,1.7763281118542054,0.11932139868068194,0.2839069655172649,0.12184990440952613,2.368234743361985,COMPLETE,0.44074000279807984,0.12184990440952613,0.45153609831029184,0.11932139868068194,1.7763281118542054,2.368234743361985,0.5119855460994206,0.2839069655172649,14
15,0.5192069569532174,2025-09-10 15:06:54.646950,2025-09-10 15:07:18.030122,0 days 00:00:23.383172,0.8791516251316017,0.820465436999865,0.7326164039768802,0.6879621326898774,0.010760303329279759,6,7,999,0.062273052547217926,6.767992456082804e-08,0.78212251137321,0.4732718894009217,0.5192069569532174,0.4487313402403977,2.035591445071928,0.13005855112977247,0.31010439944423945,0.13927362376615549,2.845477129307733,COMPLETE,0.4487313402403977,0.13927362376615549,0.4732718894009217,0.13005855112977247,2.035591445071928,2.845477129307733,0.5192069569532174,0.31010439944423945,15
16,0.5774989636437405,2025-09-10 15:07:18.033117,2025-09-10 15:07:23.335312,0 days 00:00:05.302195,0.7222291876930114,0.7355025505235155,0.7178655675425164,2.006955679965454,0.026705272162696678,4,3,295,1.683549323289675e-06,7.335681723969372e-05,0.6241802904803194,0.4573732718894009,0.5774989636437405,0.45160496691830637,2.0640202299658905,0.11389614801840142,0.20736498072109896,0.11169046984594601,1.8850292862031057,COMPLETE,0.45160496691830637,0.11169046984594601,0.4573732718894009,0.11389614801840142,2.0640202299658905,1.8850292862031057,0.5774989636437405,0.20736498072109896,16
17,0.5620257759616035,2025-09-10 15:07:23.338299,2025-09-10 15:07:27.700525,0 days 00:00:04.362226,0.8420733044490769,0.736899590316984,0.7058251414249984,2.3315165551418,0.08468125972322534,6,1,499,1.267116066379866e-06,0.3715866459908924,0.6166371229130209,0.46313364055299544,0.5620257759616035,0.4456013895721256,2.1204501952431114,0.12309554264046448,0.22593090584383532,0.1280047360241596,2.2147204848317017,COMPLETE,0.4456013895721256,0.1280047360241596,0.46313364055299544,0.12309554264046448,2.1204501952431114,2.2147204848317017,0.5620257759616035,0.22593090584383532,17
18,0.5203280037576999,2025-09-10 15:07:27.703520,2025-09-10 15:07:33.482574,0 days 00:00:05.779054,0.7404003157369232,0.6800919775243951,0.7255768648393583,1.77343364952609,0.027306200020171468,3,3,296,2.0124312631192586e-08,0.0025711778974863812,0.6039876256011825,0.43556067588325653,0.5203280037576999,0.42099938198414444,1.5694872182978223,0.11064800398467806,0.2544806824761069,0.11976241365052495,1.7881147904280303,COMPLETE,0.42099938198414444,0.11976241365052495,0.43556067588325653,0.11064800398467806,1.5694872182978223,1.7881147904280303,0.5203280037576999,0.2544806824761069,18
19,0.5348820541904337,2025-09-10 15:07:33.486092,2025-09-10 15:07:36.387536,0 days 00:00:02.901444,0.6434130491696393,0.6585718696131919,0.8372974086416752,2.8460273436846353,0.19685607582221315,4,3,284,2.4109115346466046e-07,6.748046678730598e-05,0.7434899702522125,0.4433179723502304,0.5348820541904337,0.42193744164840147,1.870712682774894,0.11844861939401684,0.235957352258727,0.13626568335952122,2.0712581530536442,COMPLETE,0.42193744164840147,0.13626568335952122,0.4433179723502304,0.11844861939401684,1.870712682774894,2.0712581530536442,0.5348820541904337,0.235957352258727,19
20,0.535781726029478,2025-09-10 15:07:36.393030,2025-09-10 15:07:45.092619,0 days 00:00:08.699589,0.6013858168569528,0.7615621319152801,0.6067125188458703,0.8859407490258198,0.030320640271131304,5,2,454,4.39194711316223e-06,0.026951116172199273,0.6331332842710213,0.4738095238095238,0.535781726029478,0.4563070536685619,2.178538988861701,0.13081162392552384,0.2550060352050972,0.1332909585222305,2.725403954144285,COMPLETE,0.4563070536685619,0.1332909585222305,0.4738095238095238,0.13081162392552384,2.178538988861701,2.725403954144285,0.535781726029478,0.2550060352050972,20
21,0.6391562072763819,2025-09-10 15:07:45.100107,2025-09-10 15:07:49.605944,0 days 00:00:04.505837,0.6709896653875856,0.7300915098140955,0.7724854295893939,0.5008241253005776,0.016799211483196037,4,4,213,7.710003882518091e-08,1.3942026211947297e-06,0.9226084855278912,0.42365591397849467,0.6391562072763819,0.3930714827659211,2.2726080835019333,0.11729194469053156,0.16986557995858315,0.14048982591646952,1.329932366935569,COMPLETE,0.3930714827659211,0.14048982591646952,0.42365591397849467,0.11729194469053156,2.2726080835019333,1.329932366935569,0.6391562072763819,0.16986557995858315,21
22,0.36490869180080227,2025-09-10 15:07:49.612454,2025-09-10 15:07:53.751108,0 days 00:00:04.138654,0.7232744794166903,0.7214130053904437,0.6794963331940155,0.4596218199357033,0.016452448798233668,3,4,259,5.249667258953753e-08,1.8469230175604727e-05,0.9402262849824293,0.35913978494623655,0.36490869180080227,0.30900572832204765,0.07819183959713139,0.1313469152557859,0.32699206639638734,0.15725881251043586,2.261892947839124,COMPLETE,0.30900572832204765,0.15725881251043586,0.35913978494623655,0.1313469152557859,0.07819183959713139,2.261892947839124,0.36490869180080227,0.32699206639638734,22
23,0.5200402905335659,2025-09-10 15:07:53.757092,2025-09-10 15:08:03.162620,0 days 00:00:09.405528,0.6476647017507101,0.6423100084412007,0.7490073725559298,0.5105733085179328,0.023978296021850365,4,5,593,6.374470917311183e-07,0.0005397760132565195,0.8067970323563949,0.454531490015361,0.5200402905335659,0.43830285652942125,1.9855507532283274,0.13719593930010995,0.27510468748254197,0.14087231778529408,2.5676158216417666,COMPLETE,0.43830285652942125,0.14087231778529408,0.454531490015361,0.13719593930010995,1.9855507532283274,2.5676158216417666,0.5200402905335659,0.27510468748254197,23
24,0.5759707471348182,2025-09-10 15:08:03.171109,2025-09-10 15:08:11.744702,0 days 00:00:08.573593,0.7653420809563335,0.7519277058354707,0.7939391742708882,1.1953322145211418,0.03631233225905897,6,2,233,9.509228809969986e-06,1.735339129722704e-06,0.8013640379843417,0.47565284178187406,0.5759707471348182,0.45519849951926017,2.3480588052371765,0.12399013614543773,0.21814123824230594,0.1275968732552961,2.463235210546969,COMPLETE,0.45519849951926017,0.1275968732552961,0.47565284178187406,0.12399013614543773,2.3480588052371765,2.463235210546969,0.5759707471348182,0.21814123824230594,24
25,0.47725981879959334,2025-09-10 15:08:11.753192,2025-09-10 15:08:19.668384,0 days 00:00:07.915192,0.768282915376957,0.7656730691546821,0.7999578320312558,1.2434806775792968,0.036390971032442265,6,2,259,1.4094440750578122e-05,1.219103613476627e-06,0.8374313303412891,0.4653609831029186,0.47725981879959334,0.44544430223666226,1.7456057521455481,0.13056499046894932,0.29689178014803247,0.13392137514042815,2.818000434364058,COMPLETE,0.44544430223666226,0.13392137514042815,0.4653609831029186,0.13056499046894932,1.7456057521455481,2.818000434364058,0.47725981879959334,0.29689178014803247,25
26,0.48352643648264937,2025-09-10 15:08:19.674898,2025-09-10 15:08:24.483240,0 days 00:00:04.808342,0.8392153658370562,0.7212114699497635,0.8766158882819012,1.7745796089778068,0.0836520857471788,7,1,115,1.2344278214665772e-05,1.0138665897907184e-05,0.8980762630174067,0.45844854070660523,0.48352643648264937,0.4470727262792936,1.8316966600148445,0.13427280829600072,0.2866063929602696,0.13640586138648883,2.775757885499616,COMPLETE,0.4470727262792936,0.13640586138648883,0.45844854070660523,0.13427280829600072,1.8316966600148445,2.775757885499616,0.48352643648264937,0.2866063929602696,26
27,0.5246478358708535,2025-09-10 15:08:24.493744,2025-09-10 15:08:35.684500,0 days 00:00:11.190756,0.7203975745812063,0.7863117256288724,0.8087060988749525,2.32581344082568,0.015326597900648524,8,4,225,1.6994573355218235e-06,0.00030621194444941004,0.7949484334248554,0.4623655913978495,0.5246478358708535,0.4355563079194976,1.9483261000241368,0.12089396233456834,0.24684339237245737,0.13215826588529397,2.4116474893803446,COMPLETE,0.4355563079194976,0.13215826588529397,0.4623655913978495,0.12089396233456834,1.9483261000241368,2.4116474893803446,0.5246478358708535,0.24684339237245737,27
28,0.532541031644374,2025-09-10 15:08:35.693984,2025-09-10 15:08:40.735025,0 days 00:00:05.041041,0.8230692864480302,0.7432375495763329,0.8699097609535094,1.5895863867979447,0.03601990894022251,5,2,103,0.0003272871023720843,4.756375331023486e-05,0.9497971800089556,0.45829493087557605,0.532541031644374,0.4436006683981284,1.8280145974870812,0.11116478784916829,0.2738502319148246,0.11492810331271032,2.2276731144254813,COMPLETE,0.4436006683981284,0.11492810331271032,0.45829493087557605,0.11116478784916829,1.8280145974870812,2.2276731144254813,0.532541031644374,0.2738502319148246,28
29,0.5425887985953002,2025-09-10 15:08:40.745527,2025-09-10 15:08:47.440456,0 days 00:00:06.694929,0.9221400206538769,0.6950510469828457,0.642086216112032,1.1008024889950785,0.02946486237633833,3,3,346,4.297406538039923e-08,1.4208444913523028e-06,0.8339653055403254,0.43740399385560674,0.5425887985953002,0.4299815240971356,1.7983317083550698,0.11208390027685747,0.2309123735671467,0.11399041821468632,1.8395664518053718,COMPLETE,0.4299815240971356,0.11399041821468632,0.43740399385560674,0.11208390027685747,1.7983317083550698,1.8395664518053718,0.5425887985953002,0.2309123735671467,29
30,0.5086146949638097,2025-09-10 15:08:47.451938,2025-09-10 15:08:53.431979,0 days 00:00:05.980041,0.9987541277347343,0.8097639636412218,0.7626749568281305,2.033089603244395,0.07691603157904899,6,5,851,3.3702034493833195e-05,0.00029769670015377444,0.8889407985575839,0.45675883256528416,0.5086146949638097,0.43936547348619426,1.8412030593797974,0.12751473501167457,0.28813511727256563,0.13255644871401617,2.522865106346335,COMPLETE,0.43936547348619426,0.13255644871401617,0.45675883256528416,0.12751473501167457,1.8412030593797974,2.522865106346335,0.5086146949638097,0.28813511727256563,30
31,0.51310384283747,2025-09-10 15:08:53.443463,2025-09-10 15:09:00.597649,0 days 00:00:07.154186,0.6704021960534515,0.6913192469103565,0.7131834564904066,0.4207174060355402,0.023042542827542003,4,3,438,1.41480428834919e-07,8.610447519485351e-08,0.6263047505308094,0.4575268817204301,0.51310384283747,0.44568912099527647,1.8767290447891483,0.1279036618775729,0.26889620223558003,0.12742977921932128,2.469121160551992,COMPLETE,0.44568912099527647,0.12742977921932128,0.4575268817204301,0.1279036618775729,1.8767290447891483,2.469121160551992,0.51310384283747,0.26889620223558003,31
32,0.4995151772720373,2025-09-10 15:09:00.607132,2025-09-10 15:09:06.020368,0 days 00:00:05.413236,0.712161789674754,0.6419785639856024,0.8011729959851056,0.8569343688230455,0.025704776251257784,3,2,207,6.521379380844002e-07,4.235890551018116e-08,0.7496696631159031,0.4186635944700461,0.4995151772720373,0.3993562447384261,1.0623766854996557,0.11610573954260962,0.2835170131636345,0.13565488360670866,2.1743873868710035,COMPLETE,0.3993562447384261,0.13565488360670866,0.4186635944700461,0.11610573954260962,1.0623766854996557,2.1743873868710035,0.4995151772720373,0.2835170131636345,32
33,0.5914872614135362,2025-09-10 15:09:06.032883,2025-09-10 15:09:13.742989,0 days 00:00:07.710106,0.7753994561915123,0.6771819263028693,0.7512183837383586,0.35058191900023394,0.017329117540925157,4,4,297,4.772732151864806e-06,5.718137259721939e-07,0.6414448164016175,0.46105990783410133,0.5914872614135362,0.4462563020807797,2.0962002328863343,0.10679615102151926,0.19038530764112924,0.10793115321728985,1.7503339358762786,COMPLETE,0.4462563020807797,0.10793115321728985,0.46105990783410133,0.10679615102151926,2.0962002328863343,1.7503339358762786,0.5914872614135362,0.19038530764112924,33
34,0.5328542582550552,2025-09-10 15:09:13.760505,2025-09-10 15:09:19.891420,0 days 00:00:06.130915,0.7819363975886731,0.7057671679511937,0.7541151510670615,0.6827970982563474,0.01367094765543973,5,4,169,5.605005547194845e-06,4.4036275881284564e-07,0.6448207025755901,0.4609831029185868,0.5328542582550552,0.4459007962627296,1.6680822793452705,0.11243746474206338,0.2652066757809123,0.11389630814024342,1.9486134280854235,COMPLETE,0.4459007962627296,0.11389630814024342,0.4609831029185868,0.11243746474206338,1.6680822793452705,1.9486134280854235,0.5328542582550552,0.2652066757809123,34
35,0.5462121239272986,2025-09-10 15:09:19.903918,2025-09-10 15:09:27.162848,0 days 00:00:07.258930,0.8183607267954275,0.7432267543729386,0.6706590506014783,1.4097669274450766,0.01784955592468333,4,5,320,0.0014623899795001138,4.371496994364637e-06,0.770956669625197,0.4518433179723502,0.5462121239272986,0.4314750611065983,1.8367759069362526,0.11732500785328673,0.24177742578245232,0.12413923139788365,1.943365199846348,COMPLETE,0.4314750611065983,0.12413923139788365,0.4518433179723502,0.11732500785328673,1.8367759069362526,1.943365199846348,0.5462121239272986,0.24177742578245232,35
36,0.5744828741170056,2025-09-10 15:09:27.176324,2025-09-10 15:09:33.717014,0 days 00:00:06.540690,0.7610205265218967,0.7753745303025007,0.799629596241835,1.105863252067968,0.046827095252401515,5,4,228,0.00021077996052459066,8.734736507775242e-07,0.7230649549263638,0.46897081413210445,0.5744828741170056,0.45471348228785413,2.3574184672265948,0.12564579956905247,0.23040046834769928,0.12895230363478247,2.5058723708273156,COMPLETE,0.45471348228785413,0.12895230363478247,0.46897081413210445,0.12564579956905247,2.3574184672265948,2.5058723708273156,0.5744828741170056,0.23040046834769928,36
37,0.5203273320805311,2025-09-10 15:09:33.729014,2025-09-10 15:09:49.862598,0 days 00:00:16.133584,0.7118327368449662,0.6622129701231874,0.6947270606845882,0.28385114490624663,0.01011011740341852,8,3,153,2.464170826704848e-05,9.670109834477932e-06,0.7005232802973413,0.468663594470046,0.5203273320805311,0.42443402696611565,1.866449114162823,0.11782074311810115,0.24323739343612463,0.13622528433357237,2.333980006534119,COMPLETE,0.42443402696611565,0.13622528433357237,0.468663594470046,0.11782074311810115,1.866449114162823,2.333980006534119,0.5203273320805311,0.24323739343612463,37
38,0.49793323272101475,2025-09-10 15:09:49.874078,2025-09-10 15:09:58.320071,0 days 00:00:08.445993,0.7766099789359232,0.8433938524357627,0.783899090240932,2.6424819942468947,0.03341692040233983,9,4,231,5.626781666355373e-06,2.6486630464989945e-06,0.6007879663622918,0.45745007680491556,0.49793323272101475,0.4350017586842369,1.7737095826821803,0.1258147976577738,0.24671316064494492,0.1320954634959647,2.398378054070753,COMPLETE,0.4350017586842369,0.1320954634959647,0.45745007680491556,0.1258147976577738,1.7737095826821803,2.398378054070753,0.49793323272101475,0.24671316064494492,38
39,0.5354210144831238,2025-09-10 15:09:58.335540,2025-09-10 15:10:04.838682,0 days 00:00:06.503142,0.7357816337646069,0.73090999715512,0.8214204198255983,4.188371056817881,0.044608783154227366,4,7,412,8.725688328747546e-07,3.8528339953075864e-07,0.9299912869864364,0.43187403993855605,0.5354210144831238,0.42259917206686615,1.6638605572034635,0.11155931824717175,0.21107506467236356,0.11197640863506249,1.6028945635929748,COMPLETE,0.42259917206686615,0.11197640863506249,0.43187403993855605,0.11155931824717175,1.6638605572034635,1.6028945635929748,0.5354210144831238,0.21107506467236356,39
40,0.521721857783296,2025-09-10 15:10:04.853214,2025-09-10 15:10:07.708059,0 days 00:00:02.854845,0.8006052048374125,0.6319286733808063,0.8632984133689109,1.6962444310886595,0.2718715131041483,3,5,284,5.609063343503255e-08,0.011273252649263798,0.8149016668707162,0.43026113671274957,0.521721857783296,0.41671508208283514,1.9335520159873005,0.135458702393494,0.28688942720439875,0.14370761495190773,2.4316684827412165,COMPLETE,0.41671508208283514,0.14370761495190773,0.43026113671274957,0.135458702393494,1.9335520159873005,2.4316684827412165,0.521721857783296,0.28688942720439875,40
41,0.5230534538968584,2025-09-10 15:10:07.720060,2025-09-10 15:10:16.164701,0 days 00:00:08.444641,0.6268960274686628,0.6829880849940132,0.745762206115498,0.18779057537571658,0.022122571302772027,4,3,500,1.9787459743225477e-07,4.115618726258917e-08,0.665316294327146,0.4486175115207373,0.5230534538968584,0.41582146634456074,1.8140553608082344,0.13928395138257654,0.29526101105571306,0.16573496835442303,2.893058433259325,COMPLETE,0.41582146634456074,0.16573496835442303,0.4486175115207373,0.13928395138257654,1.8140553608082344,2.893058433259325,0.5230534538968584,0.29526101105571306,41
42,0.49165845295944705,2025-09-10 15:10:16.178685,2025-09-10 15:10:28.752515,0 days 00:00:12.573830,0.6811990428305105,0.6676364899045465,0.7256535418053996,0.6481367791435451,0.014780030226195123,5,2,619,2.3785775732359498e-06,1.7425567190161773e-07,0.6825935392886153,0.46874039938556067,0.49165845295944705,0.4408360409554886,1.848749148177789,0.13024109615279222,0.2978965037426074,0.14012961225618695,2.785102344622316,COMPLETE,0.4408360409554886,0.14012961225618695,0.46874039938556067,0.13024109615279222,1.848749148177789,2.785102344622316,0.49165845295944705,0.2978965037426074,42
43,0.5567998359587374,2025-09-10 15:10:28.765009,2025-09-10 15:10:35.261426,0 days 00:00:06.496417,0.6686756901320204,0.7040066277298381,0.7780927282299066,0.009505483782039748,0.04248492250812622,4,3,687,1.0338266115069426e-08,7.470088244836856e-07,0.6428287995393058,0.45814132104454686,0.5567998359587374,0.4507879498593327,2.263752579380908,0.1316760414788063,0.20830460417964902,0.1304868472798791,2.4451653410588667,COMPLETE,0.4507879498593327,0.1304868472798791,0.45814132104454686,0.1316760414788063,2.263752579380908,2.4451653410588667,0.5567998359587374,0.20830460417964902,43
44,0.5532353330199274,2025-09-10 15:10:35.275916,2025-09-10 15:10:40.003966,0 days 00:00:04.728050,0.6272796294332252,0.7521591474062169,0.6913686320975817,0.3034646551396575,0.05604147858575993,3,1,360,9.827972139519083e-05,2.7649145137506695e-08,0.7181188092831755,0.421121351766513,0.5532353330199274,0.3995643607836622,1.9393783284171628,0.147037489480841,0.2966062765530681,0.15995672731882007,2.870354101602938,COMPLETE,0.3995643607836622,0.15995672731882007,0.421121351766513,0.147037489480841,1.9393783284171628,2.870354101602938,0.5532353330199274,0.2966062765530681,44
45,0.5115704774911598,2025-09-10 15:10:40.021959,2025-09-10 15:10:46.081639,0 days 00:00:06.059680,0.7498518957192856,0.785588641768405,0.7146179590418092,1.001644784864342,0.01859391567034406,5,4,150,7.701918100061188e-08,1.8566027774446237e-07,0.8667610240402766,0.45906298003072193,0.5115704774911598,0.4391525943600301,1.7168421725168685,0.11370912621759513,0.28390967175521314,0.11908791930857676,2.298617720253045,COMPLETE,0.4391525943600301,0.11908791930857676,0.45906298003072193,0.11370912621759513,1.7168421725168685,2.298617720253045,0.5115704774911598,0.28390967175521314,45
46,0.5328168130406105,2025-09-10 15:10:46.096110,2025-09-10 15:10:56.525550,0 days 00:00:10.429440,0.704232752482429,0.9687011344989034,0.6523851211309308,0.7609171560162308,0.031237321046625646,7,2,534,3.9610897079074807e-07,3.759209724136106e-05,0.6539047372261538,0.476036866359447,0.5328168130406105,0.4503504172024603,2.143473139741165,0.13496396128766594,0.2490846888240052,0.13994732379633135,2.693001593398385,COMPLETE,0.4503504172024603,0.13994732379633135,0.476036866359447,0.13496396128766594,2.143473139741165,2.693001593398385,0.5328168130406105,0.2490846888240052,46
47,0.519521646145602,2025-09-10 15:10:56.548172,2025-09-10 15:11:11.056069,0 days 00:00:14.507897,0.7967102470754048,0.6201693377643399,0.9913069819344352,1.3700816775701055,0.0127566831451693,6,3,452,2.410836550545896e-08,1.3446871774915524e-05,0.6756019148399738,0.4733486943164362,0.519521646145602,0.45046039128062454,1.998644591983831,0.1258221820392034,0.2912080239009233,0.13365425388785057,2.722127142473439,COMPLETE,0.45046039128062454,0.13365425388785057,0.4733486943164362,0.1258221820392034,1.998644591983831,2.722127142473439,0.519521646145602,0.2912080239009233,47
48,0.512612420638073,2025-09-10 15:11:11.073067,2025-09-10 15:11:16.454281,0 days 00:00:05.381214,0.6968452179718532,0.6717943741845371,0.7679456931069116,0.520361931986033,0.02118723281356302,4,10,192,3.4465125184104377e-06,2.3169673986782965e-06,0.9739112629948747,0.4426267281105991,0.512612420638073,0.42841862926042684,1.4646753514033315,0.11361965345065185,0.28401784290645427,0.11506939961359082,2.0097881191673075,COMPLETE,0.42841862926042684,0.11506939961359082,0.4426267281105991,0.11361965345065185,1.4646753514033315,2.0097881191673075,0.512612420638073,0.28401784290645427,48
49,0.5152886066298739,2025-09-10 15:11:16.471296,2025-09-10 15:11:29.726407,0 days 00:00:13.255111,0.6718892093163371,0.7168763957269308,0.8538889899630056,0.3551302670748046,0.026052522729165806,10,6,315,5.604887136353333e-05,3.6599261766316054e-07,0.6174791134901129,0.47603686635944703,0.5152886066298739,0.4476571551183959,2.0012817542328785,0.13135580744393943,0.2428592769253444,0.1394632243139148,2.6339570951709534,COMPLETE,0.4476571551183959,0.1394632243139148,0.47603686635944703,0.13135580744393943,2.0012817542328785,2.6339570951709534,0.5152886066298739,0.2428592769253444,49
50,0.5003241199794481,2025-09-10 15:11:29.744417,2025-09-10 15:11:34.994778,0 days 00:00:05.250361,0.734067111503321,0.7292777292703618,0.9029303990190444,3.521801115868638,0.04027611714643571,3,4,377,9.060142725886785e-06,1.0285362789712542e-08,0.727679098927893,0.43156682027649773,0.5003241199794481,0.4213031018945783,1.4283640685672157,0.11514209620218459,0.2817698874257517,0.12180226958192916,2.07888957916616,COMPLETE,0.4213031018945783,0.12180226958192916,0.43156682027649773,0.11514209620218459,1.4283640685672157,2.07888957916616,0.5003241199794481,0.2817698874257517,50
51,0.41069577711315514,2025-09-10 15:11:35.013767,2025-09-10 15:11:40.109998,0 days 00:00:05.096231,0.646957952958203,0.881050972619764,0.7874922317201931,0.042472269135623186,0.016962529149387732,4,7,255,0.015102380310293168,9.160221981425633e-08,0.9958756714963964,0.3988479262672811,0.41069577711315514,0.3767786150891308,1.0521527044731998,0.13766961349595735,0.32745164298307355,0.1475861898735099,2.2371808286160966,COMPLETE,0.3767786150891308,0.1475861898735099,0.3988479262672811,0.13766961349595735,1.0521527044731998,2.2371808286160966,0.41069577711315514,0.32745164298307355,51
52,0.5797548409320004,2025-09-10 15:11:40.140031,2025-09-10 15:11:44.142754,0 days 00:00:04.002723,0.694486385111363,0.8298939828137482,0.7450045428651517,0.21885782037851145,0.011962533520942903,4,6,133,0.4789640419577005,6.79914037723268e-06,0.9766606147545474,0.40391705069124423,0.5797548409320004,0.370429234334373,1.7494969878496147,0.10759058350066712,0.22969457936342616,0.1350537368330974,1.345077297573217,COMPLETE,0.370429234334373,0.1350537368330974,0.40391705069124423,0.10759058350066712,1.7494969878496147,1.345077297573217,0.5797548409320004,0.22969457936342616,52
53,0.553293865498101,2025-09-10 15:11:44.158731,2025-09-10 15:11:48.942540,0 days 00:00:04.783809,0.6860817367066662,0.8321376195152739,0.7417027345922363,0.5412750734730206,0.011338852055803619,5,6,146,0.000542216514024858,0.00011719609769710585,0.9529840798681067,0.4175115207373271,0.553293865498101,0.40644062463857555,1.7653269463968724,0.12078051001702479,0.24616290158595103,0.12275106669954272,1.6773936391826754,COMPLETE,0.40644062463857555,0.12275106669954272,0.4175115207373271,0.12078051001702479,1.7653269463968724,1.6773936391826754,0.553293865498101,0.24616290158595103,53
54,0.5598699547668708,2025-09-10 15:11:48.961550,2025-09-10 15:11:53.769852,0 days 00:00:04.808302,0.661374298707916,0.8002052225366498,0.7562213158012212,0.19982158189999186,0.013701391463606934,4,9,198,0.6314321663074374,4.63608457714081e-06,0.9248065801379889,0.4130568356374808,0.5598699547668708,0.38912289521067667,1.7284060333366824,0.11729466049548812,0.2129822231491585,0.13102825526008943,1.4070851058889924,COMPLETE,0.38912289521067667,0.13102825526008943,0.4130568356374808,0.11729466049548812,1.7284060333366824,1.4070851058889924,0.5598699547668708,0.2129822231491585,54
55,0.545719005664153,2025-09-10 15:11:53.799352,2025-09-10 15:11:57.978993,0 days 00:00:04.179641,0.7538404767812064,0.8726989535562624,0.7269398585201511,2.0557564620756246,0.015984101932376014,4,5,285,3.983318084212502e-07,8.663991826732155e-06,0.9799811874381862,0.40245775729646693,0.545719005664153,0.3727123899102923,1.646703579838873,0.1311419586264446,0.2960672620558484,0.1444715759286085,2.2259675209449146,COMPLETE,0.3727123899102923,0.1444715759286085,0.40245775729646693,0.1311419586264446,1.646703579838873,2.2259675209449146,0.545719005664153,0.2960672620558484,55
56,0.6178280134042584,2025-09-10 15:11:58.015474,2025-09-10 15:12:03.378139,0 days 00:00:05.362665,0.7245269740513046,0.7706850341277443,0.7027658290188926,1.199583741437376,0.020126896745131836,3,6,253,1.4678724697521724e-06,2.2066905893833028e-06,0.6884426338907285,0.43732718894009226,0.6178280134042584,0.41535432755907076,1.8879853045243666,0.09063669946923554,0.15393389089532655,0.10409964649074613,0.9103249473432595,COMPLETE,0.41535432755907076,0.10409964649074613,0.43732718894009226,0.09063669946923554,1.8879853045243666,0.9103249473432595,0.6178280134042584,0.15393389089532655,56
57,0.5496190774717724,2025-09-10 15:12:03.399121,2025-09-10 15:12:07.383415,0 days 00:00:03.984294,0.7217296004372115,0.8178211688716186,0.7083984569886695,1.2119851120763907,0.020311599755250907,3,6,139,0.2412026846124746,2.7555161575353967e-05,0.8768276056511168,0.41804915514592933,0.5496190774717724,0.4070565625154515,1.424024748159963,0.08587033430719519,0.22455760920202697,0.09063250248033825,1.1557536562188881,COMPLETE,0.4070565625154515,0.09063250248033825,0.41804915514592933,0.08587033430719519,1.424024748159963,1.1557536562188881,0.5496190774717724,0.22455760920202697,57
58,0.5822412185766002,2025-09-10 15:12:07.414414,2025-09-10 15:12:10.567858,0 days 00:00:03.153444,0.7660354229820863,0.7625274532505388,0.6603183094805306,4.896605930199055,0.011767110820678908,3,8,251,0.007500069411919246,2.299916688596571e-06,0.7718330233251767,0.40683563748079876,0.5822412185766002,0.37205860720291367,1.629660156184917,0.09622534116789637,0.22684332733948917,0.11741489340308682,1.198289292270398,COMPLETE,0.37205860720291367,0.11741489340308682,0.40683563748079876,0.09622534116789637,1.629660156184917,1.198289292270398,0.5822412185766002,0.22684332733948917,58
59,0.5618780604938639,2025-09-10 15:12:10.587850,2025-09-10 15:12:13.914314,0 days 00:00:03.326464,0.732534134269616,0.7706501959635029,0.6564458952609634,4.803261400174476,0.01171407880740825,3,8,173,0.004326827190143781,2.7621630310004466e-06,0.6534972238258343,0.3992319508448541,0.5618780604938639,0.3562447222125955,1.5263341442309009,0.09506090746932035,0.21012317551794965,0.1240812845396474,1.1125671873866148,COMPLETE,0.3562447222125955,0.1240812845396474,0.3992319508448541,0.09506090746932035,1.5263341442309009,1.1125671873866148,0.5618780604938639,0.21012317551794965,59
60,0.5325568856539442,2025-09-10 15:12:13.933305,2025-09-10 15:12:17.529615,0 days 00:00:03.596310,0.8107839989263786,0.7901973195247518,0.6144444830855992,4.244992019166366,0.013087800821324963,3,9,263,0.007568462222007895,8.798421742410108e-05,0.6877575194911734,0.39416282642089095,0.5325568856539442,0.35857206243747375,1.080168048419973,0.10870780096259293,0.2772232132870225,0.12288964248805295,1.9147075308249177,COMPLETE,0.35857206243747375,0.12288964248805295,0.39416282642089095,0.10870780096259293,1.080168048419973,1.9147075308249177,0.5325568856539442,0.2772232132870225,60
61,0.5281407046540156,2025-09-10 15:12:17.554597,2025-09-10 15:12:20.993391,0 days 00:00:03.438794,0.7742227621402882,0.752472077210637,0.6820995350158112,2.305644234045583,0.015164754540544816,3,8,315,1.4541336777924866e-06,8.474970847546487e-07,0.9594861719443171,0.38725038402457757,0.5281407046540156,0.3320091314076769,1.3031534333335633,0.1142184902136821,0.281163349624445,0.14597761923911973,1.7227423136989175,COMPLETE,0.3320091314076769,0.14597761923911973,0.38725038402457757,0.1142184902136821,1.3031534333335633,1.7227423136989175,0.5281407046540156,0.281163349624445,61
62,0.535269314685977,2025-09-10 15:12:21.019389,2025-09-10 15:12:24.610809,0 days 00:00:03.591420,0.7587464031333404,0.7757302345278095,0.6220601467048068,3.2640968418228153,0.010034157115893233,3,7,231,0.14933695011022333,1.665418486500148e-06,0.7686307214299902,0.3882488479262673,0.535269314685977,0.34326560317078986,1.3931123446176965,0.10245588609515642,0.21335007168216022,0.12137597838668064,1.107319466457651,COMPLETE,0.34326560317078986,0.12137597838668064,0.3882488479262673,0.10245588609515642,1.3931123446176965,1.107319466457651,0.535269314685977,0.21335007168216022,62
63,0.5452590543001491,2025-09-10 15:12:24.631795,2025-09-10 15:12:27.579385,0 days 00:00:02.947590,0.7438999703712096,0.7581936675933735,0.6659011710555265,1.604616311426221,0.018634311181546372,4,7,102,0.06998755784551962,5.62974983936268e-06,0.9129266742092947,0.40921658986175113,0.5452590543001491,0.3810608482925749,1.5597626405656582,0.10988418895464636,0.24853564924938357,0.12451263624273982,1.4641376704874096,COMPLETE,0.3810608482925749,0.12451263624273982,0.40921658986175113,0.10988418895464636,1.5597626405656582,1.4641376704874096,0.5452590543001491,0.24853564924938357,63
64,0.6084824352919889,2025-09-10 15:12:27.598865,2025-09-10 15:12:31.379009,0 days 00:00:03.780144,0.7040189757366339,0.8292466728754977,0.6313342262060276,1.955979824939248,0.06539526040664312,3,6,256,1.6161205929017441,1.986061738019337e-05,0.8548627446325285,0.45215053763440854,0.6084824352919889,0.4459213946308691,2.248912494944372,0.1083689596742496,0.16521777797033868,0.10711797052090392,1.7045840383062378,COMPLETE,0.4459213946308691,0.10711797052090392,0.45215053763440854,0.1083689596742496,2.248912494944372,1.7045840383062378,0.6084824352919889,0.16521777797033868,64
65,0.4975439940009648,2025-09-10 15:12:31.401023,2025-09-10 15:12:35.537944,0 days 00:00:04.136921,0.7032273491727637,0.8514274569441795,0.6400509582983562,1.8464653551476444,0.10697811576261837,3,6,338,0.8981500266869898,0.0007462726765233277,0.8509601052382944,0.4304147465437788,0.4975439940009648,0.4055179512499954,1.679716803928785,0.13225851053695373,0.2861040221079178,0.14691915533694666,2.284534562120958,COMPLETE,0.4055179512499954,0.14691915533694666,0.4304147465437788,0.13225851053695373,1.679716803928785,2.284534562120958,0.4975439940009648,0.2861040221079178,65
66,0.6189145394142358,2025-09-10 15:12:35.561435,2025-09-10 15:12:39.153317,0 days 00:00:03.591882,0.6838375315054849,0.828384318116894,0.6259083114674447,2.625212113183652,0.05091767100818309,3,5,201,0.33943884499079574,1.5068010537093152e-05,0.6298580880035355,0.44892473118279574,0.6189145394142358,0.44438201331444005,2.15349280464566,0.10130061745705227,0.16070857811144496,0.10041963514383528,1.4001432029664953,COMPLETE,0.44438201331444005,0.10041963514383528,0.44892473118279574,0.10130061745705227,2.15349280464566,1.4001432029664953,0.6189145394142358,0.16070857811144496,66
67,0.5364733535803512,2025-09-10 15:12:39.175298,2025-09-10 15:12:42.658928,0 days 00:00:03.483630,0.6783741013758277,0.8313044925724501,0.6204185192887907,2.92418091421656,0.0998403869741073,3,5,199,1.5717019289524123,2.3876930188110287e-05,0.6362211456347778,0.4410138248847926,0.5364733535803512,0.4188907767817417,1.5667441642464177,0.10015891064350953,0.22855332120548427,0.11070827498329161,1.5465516222292433,COMPLETE,0.4188907767817417,0.11070827498329161,0.4410138248847926,0.10015891064350953,1.5667441642464177,1.5465516222292433,0.5364733535803512,0.22855332120548427,67
68,0.5331014741954057,2025-09-10 15:12:42.680907,2025-09-10 15:12:45.367775,0 days 00:00:02.686868,0.6377753912313384,0.860052542050634,0.6017020345358522,3.8855932866417,0.07541492158559258,3,5,132,0.538310467362016,6.8883734660947145e-06,0.8901238712672326,0.43625192012288794,0.5331014741954057,0.4211317553305975,1.4046191223113127,0.09154192261590396,0.25716790209175944,0.09793531396269851,1.480312967439388,COMPLETE,0.4211317553305975,0.09793531396269851,0.43625192012288794,0.09154192261590396,1.4046191223113127,1.480312967439388,0.5331014741954057,0.25716790209175944,68
69,0.5079100843273257,2025-09-10 15:12:45.394273,2025-09-10 15:12:49.184604,0 days 00:00:03.790331,0.709604151113722,0.9038998622102555,0.6623876382816161,2.624105525189427,0.06610629254947988,3,6,175,0.11758255186551796,1.6027762141867162e-05,0.6993893963485036,0.42503840245775726,0.5079100843273257,0.4035047364182282,1.2568182271413253,0.13072268822420058,0.289783652282002,0.14766782537233744,2.414408156059695,COMPLETE,0.4035047364182282,0.14766782537233744,0.42503840245775726,0.13072268822420058,1.2568182271413253,2.414408156059695,0.5079100843273257,0.289783652282002,69
70,0.5051968419871691,2025-09-10 15:12:49.207112,2025-09-10 15:12:52.277949,0 days 00:00:03.070837,0.693509555277988,0.8180410215699536,0.6305563789423014,4.940106271348501,0.06106518584541101,3,6,258,0.2535756975653568,3.4199366840183723e-06,0.820297652279633,0.40890937019969276,0.5051968419871691,0.38317303076959564,1.2851722678945303,0.10517529512426795,0.25281833623706157,0.11943826817177403,1.4235008833790235,COMPLETE,0.38317303076959564,0.11943826817177403,0.40890937019969276,0.10517529512426795,1.2851722678945303,1.4235008833790235,0.5051968419871691,0.25281833623706157,70
71,0.5442134500189364,2025-09-10 15:12:52.301960,2025-09-10 15:12:56.364141,0 days 00:00:04.062181,0.7232488548368042,0.8020335398650228,0.7012078984292383,2.246047515834275,0.050057912017046985,4,5,211,0.031619053252459305,0.00022897306702797753,0.6332310094988883,0.45130568356374806,0.5442134500189364,0.4432868051894583,1.9449671486163216,0.11883405848308182,0.23180537013121952,0.11889280621486999,2.103752597927939,COMPLETE,0.4432868051894583,0.11889280621486999,0.45130568356374806,0.11883405848308182,1.9449671486163216,2.103752597927939,0.5442134500189364,0.23180537013121952,71
72,0.590095500044215,2025-09-10 15:12:56.388115,2025-09-10 15:13:03.423505,0 days 00:00:07.035390,0.6906476150352125,0.828022564958729,0.6808771866018215,2.5020348673029518,0.01669238471546948,4,4,299,0.43468056545208694,7.209897317435653e-05,0.6187761319072161,0.4572196620583717,0.590095500044215,0.44608012891368465,1.9439472617107114,0.10517829575034437,0.19313578310903287,0.10719186871119532,1.5055892866519,COMPLETE,0.44608012891368465,0.10719186871119532,0.4572196620583717,0.10517829575034437,1.9439472617107114,1.5055892866519,0.590095500044215,0.19313578310903287,72
73,0.5535755618630747,2025-09-10 15:13:03.447481,2025-09-10 15:13:11.197056,0 days 00:00:07.749575,0.689647595435946,0.8619850309819664,0.6792528380448387,2.5559934777860422,0.012225721645266741,4,4,282,1.6673460252324874,4.368643799850927e-05,0.6153809761094605,0.45291858678955454,0.5535755618630747,0.4329124634326895,1.6498843045242628,0.1030790355795423,0.22721582827971198,0.11022176093104237,1.5341580842235982,COMPLETE,0.4329124634326895,0.11022176093104237,0.45291858678955454,0.1030790355795423,1.6498843045242628,1.5341580842235982,0.5535755618630747,0.22721582827971198,73
74,0.5708166771757707,2025-09-10 15:13:11.223546,2025-09-10 15:13:15.932097,0 days 00:00:04.708551,0.6606032145676061,0.8275122421319969,0.6486184941148344,3.3096194983421814,0.011032445322431035,3,5,251,0.42839772484312794,2.840496896851998e-07,0.612449108470304,0.406221198156682,0.5708166771757707,0.36751258199971615,1.565430387021521,0.10180203999760991,0.2111313764149372,0.13389090328220915,1.0920045516850403,COMPLETE,0.36751258199971615,0.13389090328220915,0.406221198156682,0.10180203999760991,1.565430387021521,1.0920045516850403,0.5708166771757707,0.2111313764149372,74
75,0.5277624752146459,2025-09-10 15:13:15.956079,2025-09-10 15:13:24.189552,0 days 00:00:08.233473,0.7889645930707094,0.8059279864737822,0.630206479118598,2.195387698489819,0.01404037329985841,4,8,409,0.039712142867271524,8.042314749622177e-07,0.6499864045057735,0.44408602150537635,0.5277624752146459,0.4273740661815959,1.5836435207251898,0.11550529834816442,0.24720233201067632,0.12083098481038798,1.7303120507330971,COMPLETE,0.4273740661815959,0.12083098481038798,0.44408602150537635,0.11550529834816442,1.5836435207251898,1.7303120507330971,0.5277624752146459,0.24720233201067632,75
76,0.5329904013617044,2025-09-10 15:13:24.306007,2025-09-10 15:13:33.148097,0 days 00:00:08.842090,0.6157242235961102,0.7931493372563538,0.6895894079646129,2.7971082593735854,0.01657909588907356,5,7,299,0.1442542861247655,0.00018617885971960056,0.6625585680748114,0.46582181259600614,0.5329904013617044,0.43726519850119944,1.7337729158948592,0.11089701613422599,0.25649978277532576,0.12071565826232461,2.025667765721818,COMPLETE,0.43726519850119944,0.12071565826232461,0.46582181259600614,0.11089701613422599,1.7337729158948592,2.025667765721818,0.5329904013617044,0.25649978277532576,76
77,0.5118494314764882,2025-09-10 15:13:33.171592,2025-09-10 15:13:38.227576,0 days 00:00:05.055984,0.6777728317030374,0.809908659748253,0.6748294893665828,1.9132308964887426,0.023980412552556382,3,4,216,0.30937759788425023,1.6537180517634418e-05,0.8590762644433915,0.41904761904761906,0.5118494314764882,0.4026611786000498,1.1995705638868759,0.10692590447935456,0.2811424093131017,0.1172941594985294,1.8586463623187683,COMPLETE,0.4026611786000498,0.1172941594985294,0.41904761904761906,0.10692590447935456,1.1995705638868759,1.8586463623187683,0.5118494314764882,0.2811424093131017,77
78,0.4448905935541405,2025-09-10 15:13:38.256067,2025-09-10 15:13:42.085845,0 days 00:00:03.829778,0.6537155613219502,0.8431657024036918,0.6315297634542547,0.9186982945018359,0.13228757648353368,4,6,351,0.6485174685384216,1.3208564984356791e-06,0.624471955883006,0.44784946236559137,0.4448905935541405,0.41730118108856856,1.415682463612789,0.14114618431357898,0.2972116081141048,0.15270401701478212,2.764650283202941,COMPLETE,0.41730118108856856,0.15270401701478212,0.44784946236559137,0.14114618431357898,1.415682463612789,2.764650283202941,0.4448905935541405,0.2972116081141048,78
79,0.5085536456146833,2025-09-10 15:13:42.113344,2025-09-10 15:13:45.113411,0 days 00:00:03.000067,0.8899647341726034,0.8822248321438317,0.7340285086836631,4.478853648033023,0.01744473546109918,3,9,125,0.015539854952367028,5.815342400000635e-05,0.7105185317366072,0.38003072196620585,0.5085536456146833,0.32962631792502667,0.9685462132018673,0.10482652709105067,0.2547423975644519,0.1427338345192625,1.8136733788445232,COMPLETE,0.32962631792502667,0.1427338345192625,0.38003072196620585,0.10482652709105067,0.9685462132018673,1.8136733788445232,0.5085536456146833,0.2547423975644519,79
80,0.5023691836138683,2025-09-10 15:13:45.141881,2025-09-10 15:13:49.747268,0 days 00:00:04.605387,0.7052994683679846,0.7780578804391166,0.7615053676020911,0.7870999804691943,0.05175397113267134,4,5,168,1.9631329959499797,1.0501122448063916e-05,0.733623463834765,0.4533794162826421,0.5023691836138683,0.4382496149850117,1.71910780323035,0.12433088532750529,0.28961821541435556,0.1275660649676038,2.3890939907795223,COMPLETE,0.4382496149850117,0.1275660649676038,0.4533794162826421,0.12433088532750529,1.71910780323035,2.3890939907795223,0.5023691836138683,0.28961821541435556,80
81,0.574653934957773,2025-09-10 15:13:49.834301,2025-09-10 15:13:56.657380,0 days 00:00:06.823079,0.7145779999202563,0.7399983761920695,0.7132941901086751,2.7391680089150596,0.014830976930417692,4,4,238,1.1506362701898893,7.860938366294559e-05,0.6022584405319156,0.45798771121351767,0.574653934957773,0.44475365010335355,1.7316260697534047,0.0928815977779139,0.19423052797444085,0.09143947425659717,1.3394124683368316,COMPLETE,0.44475365010335355,0.09143947425659717,0.45798771121351767,0.0928815977779139,1.7316260697534047,1.3394124683368316,0.574653934957773,0.19423052797444085,81
82,0.4968577316998913,2025-09-10 15:13:56.685389,2025-09-10 15:14:03.571811,0 days 00:00:06.886422,0.7468751609150857,0.729911194713677,0.718901684676265,2.388766737074612,0.020084837145939106,4,4,305,0.07370431534146053,0.00048668716075842477,0.6707117983922954,0.4393241167434716,0.4968577316998913,0.41821631912389323,1.3618139653130559,0.12500386378204068,0.2919251610968551,0.13567822076320993,2.440828378622873,COMPLETE,0.41821631912389323,0.13567822076320993,0.4393241167434716,0.12500386378204068,1.3618139653130559,2.440828378622873,0.4968577316998913,0.2919251610968551,82
83,0.5022249716345156,2025-09-10 15:14:03.599806,2025-09-10 15:14:10.656432,0 days 00:00:07.056626,0.7323543139632105,0.8212998076094035,0.6589228534713756,1.558633516502312,0.027732617720641818,5,3,272,0.0005423345813109304,3.022888342526367e-05,0.7867074634898973,0.4576036866359447,0.5022249716345156,0.43974510296292507,1.8812002878957115,0.1275114272871488,0.26046004799480804,0.13208269951894938,2.570948174808743,COMPLETE,0.43974510296292507,0.13208269951894938,0.4576036866359447,0.1275114272871488,1.8812002878957115,2.570948174808743,0.5022249716345156,0.26046004799480804,83
84,0.573026995074497,2025-09-10 15:14:10.694939,2025-09-10 15:14:17.188440,0 days 00:00:06.493501,0.6985347891646569,0.8398598977763833,0.7032419842475801,2.4195680960276613,0.02337772027746322,3,5,390,9.678897232506097e-07,5.674139249970979e-07,0.643918751807049,0.4381720430107527,0.573026995074497,0.42385384962198935,1.870293060799666,0.10853844460841196,0.24660329103523485,0.11560798974702541,1.7175661083598956,COMPLETE,0.42385384962198935,0.11560798974702541,0.4381720430107527,0.10853844460841196,1.870293060799666,1.7175661083598956,0.573026995074497,0.24660329103523485,84
85,0.5439247718581603,2025-09-10 15:14:17.216916,2025-09-10 15:14:28.134176,0 days 00:00:10.917260,0.7667400249631068,0.6983045352115365,0.7447702511224964,3.082992324476984,0.019541482374188245,9,7,857,0.9871962878532656,3.6001478901010954e-06,0.6287926263801847,0.4665898617511521,0.5439247718581603,0.4464793657499045,1.8971946049774617,0.11679628827879447,0.23444497282207646,0.12160272966071971,2.0924910213044043,COMPLETE,0.4464793657499045,0.12160272966071971,0.4665898617511521,0.11679628827879447,1.8971946049774617,2.0924910213044043,0.5439247718581603,0.23444497282207646,85
86,0.5148058141823769,2025-09-10 15:14:28.167185,2025-09-10 15:14:31.523070,0 days 00:00:03.355885,0.6371142210312022,0.7664211784527851,0.6870765529943215,0.6075583582721282,0.17048321450093357,4,4,187,0.0017650778604246598,0.960689184821544,0.6111039406401793,0.4663594470046083,0.5148058141823769,0.4311357415884618,1.886717257240947,0.13118261582780488,0.29385983120154785,0.14439255904686657,2.6895545795233105,COMPLETE,0.4311357415884618,0.14439255904686657,0.4663594470046083,0.13118261582780488,1.886717257240947,2.6895545795233105,0.5148058141823769,0.29385983120154785,86
87,0.5206128231655582,2025-09-10 15:14:31.555545,2025-09-10 15:14:37.060233,0 days 00:00:05.504688,0.7258881319094662,0.7122484155858775,0.7727799990290799,0.16321902642130262,0.06848403728257858,5,6,337,1.3613255143202495e-07,2.003250362024752e-06,0.8295174658990105,0.45353302611367124,0.5206128231655582,0.44987780927091064,2.0209796012425945,0.13424908242905637,0.23810335650226427,0.1310463121720034,2.511978328983052,COMPLETE,0.44987780927091064,0.1310463121720034,0.45353302611367124,0.13424908242905637,2.0209796012425945,2.511978328983052,0.5206128231655582,0.23810335650226427,87
88,0.4512750921415777,2025-09-10 15:14:37.092227,2025-09-10 15:14:41.892073,0 days 00:00:04.799846,0.6862297000687381,0.8548810903451807,0.7351038152431443,1.9480390206872416,0.015985940940293868,4,3,236,1.765233408394636e-05,0.00011598701576288034,0.9232895493741474,0.40284178187403996,0.4512750921415777,0.37538219183010496,1.2742563442766424,0.13763790163852552,0.3151901039315924,0.15319431718872487,2.1372773218275687,COMPLETE,0.37538219183010496,0.15319431718872487,0.40284178187403996,0.13763790163852552,1.2742563442766424,2.1372773218275687,0.4512750921415777,0.3151901039315924,88
89,0.5507685471361792,2025-09-10 15:14:41.921552,2025-09-10 15:14:46.354154,0 days 00:00:04.432602,0.6674579162325361,0.8709713853844707,0.6459779029530152,2.121401437357966,0.012556670363956638,3,5,211,2.0892592212400837e-06,7.183815774476773e-06,0.6400339845677311,0.4043010752688172,0.5507685471361792,0.3868742894097363,1.45416128317448,0.0986325842308035,0.24249581704894602,0.10500472524608682,1.2560011416266736,COMPLETE,0.3868742894097363,0.10500472524608682,0.4043010752688172,0.0986325842308035,1.45416128317448,1.2560011416266736,0.5507685471361792,0.24249581704894602,89
90,0.5135180273253936,2025-09-10 15:14:46.384651,2025-09-10 15:14:49.032494,0 days 00:00:02.647843,0.7152559929723074,0.6513366387577995,0.697005947186879,0.4293630857908509,0.010710901025428354,3,10,157,2.7544696013177173e-07,1.1686726903745622e-06,0.7599703743687557,0.37926267281105985,0.5135180273253936,0.33708359310144714,1.284224145611862,0.09418838282680811,0.23746613652050783,0.11344067880333977,1.2601360252127298,COMPLETE,0.33708359310144714,0.11344067880333977,0.37926267281105985,0.09418838282680811,1.284224145611862,1.2601360252127298,0.5135180273253936,0.23746613652050783,90
91,0.5334996057081258,2025-09-10 15:14:49.061493,2025-09-10 15:14:57.577989,0 days 00:00:08.516496,0.7655817280914633,0.7545165177392165,0.8168209960154095,1.016165239425251,0.03365886094684283,6,2,276,4.769022643083882e-06,1.1759452544329376e-05,0.6250375415855395,0.4708909370199692,0.5334996057081258,0.43547493872825516,2.1693690304793933,0.1306979342567998,0.2599558880048379,0.14678509204837206,2.7419112770106597,COMPLETE,0.43547493872825516,0.14678509204837206,0.4708909370199692,0.1306979342567998,2.1693690304793933,2.7419112770106597,0.5334996057081258,0.2599558880048379,91
92,0.5187512039234278,2025-09-10 15:14:57.608499,2025-09-10 15:15:06.187378,0 days 00:00:08.578879,0.8334681775038509,0.7849187942895142,0.7885854660252918,1.2959138397106473,0.03684303466709568,7,3,243,4.576222883821202e-05,2.6094501934971794e-07,0.9815272443136487,0.46321044546851,0.5187512039234278,0.44225381840156985,2.0457347292176817,0.12808819568574809,0.270041066635131,0.13201408069374704,2.707452223918532,COMPLETE,0.44225381840156985,0.13201408069374704,0.46321044546851,0.12808819568574809,2.0457347292176817,2.707452223918532,0.5187512039234278,0.270041066635131,92
93,0.5427796399625586,2025-09-10 15:15:06.230863,2025-09-10 15:15:14.695263,0 days 00:00:08.464400,0.7859158454680835,0.7508923641357393,0.7501609079739324,1.7015681485828271,0.0399465537984393,8,2,301,3.2258019140826544e-06,5.679079407128606e-07,0.8025994260010778,0.4692780337941628,0.5427796399625586,0.451723362541245,2.1259554112682943,0.1248957507808924,0.2215230637983541,0.1296690414658737,2.4542030616097823,COMPLETE,0.451723362541245,0.1296690414658737,0.4692780337941628,0.1248957507808924,2.1259554112682943,2.4542030616097823,0.5427796399625586,0.2215230637983541,93
94,0.5546138370457516,2025-09-10 15:15:14.738262,2025-09-10 15:15:20.950726,0 days 00:00:06.212464,0.8046147421406985,0.722011125280366,0.7906199385943872,1.4567794749901442,0.02578709553954338,4,4,327,7.503706492480673e-07,2.0254624535552915e-05,0.9416702526271248,0.4506144393241167,0.5546138370457516,0.4412587403838674,2.039063179789099,0.1198129849240679,0.20325621929663082,0.12092035327331341,2.0556001617352537,COMPLETE,0.4412587403838674,0.12092035327331341,0.4506144393241167,0.1198129849240679,2.039063179789099,2.0556001617352537,0.5546138370457516,0.20325621929663082,94
95,0.5163967384852981,2025-09-10 15:15:20.985695,2025-09-10 15:15:26.739506,0 days 00:00:05.753811,0.7395586520414157,0.7395576500356787,0.7223927007371993,1.1718708447347195,0.02996098886576896,5,6,219,7.744895013258135e-06,1.96325800839326e-06,0.7411166815674617,0.4587557603686636,0.5163967384852981,0.4339192361792336,1.7473374233147319,0.12724168615473844,0.28927662012679395,0.1371953928978008,2.5358871805413603,COMPLETE,0.4339192361792336,0.1371953928978008,0.4587557603686636,0.12724168615473844,1.7473374233147319,2.5358871805413603,0.5163967384852981,0.28927662012679395,95
96,0.5483469477772214,2025-09-10 15:15:26.769497,2025-09-10 15:15:32.628148,0 days 00:00:05.858651,0.7747781489265135,0.763103760370567,0.7607506897456424,3.9075183316112954,0.022079859994766145,4,1,192,0.17038151262850348,4.583081132848622e-06,0.7774430976373627,0.4505376344086022,0.5483469477772214,0.44000836045786196,1.7460708760194306,0.10866514054612234,0.2285691994707441,0.10852711710657574,1.7339231953838719,COMPLETE,0.44000836045786196,0.10852711710657574,0.4505376344086022,0.10866514054612234,1.7460708760194306,1.7339231953838719,0.5483469477772214,0.2285691994707441,96
97,0.5401674337303349,2025-09-10 15:15:32.658680,2025-09-10 15:15:39.159813,0 days 00:00:06.501133,0.7562848238444067,0.7960555854746962,0.6690323068504181,0.3584446901847585,0.013529270618594822,3,3,359,2.6387460901357814e-05,2.784905952420342e-06,0.9091868049069936,0.3952380952380953,0.5401674337303349,0.36015893232915036,1.4249492441362226,0.11936235092317622,0.28586672330438706,0.14113379562015835,1.9589344091914296,COMPLETE,0.36015893232915036,0.14113379562015835,0.3952380952380953,0.11936235092317622,1.4249492441362226,1.9589344091914296,0.5401674337303349,0.28586672330438706,97
98,0.5798090266903209,2025-09-10 15:15:39.195291,2025-09-10 15:15:45.496031,0 days 00:00:06.300740,0.67426563779924,0.7803746185726138,0.8059964696561347,0.5731148661244999,0.0327764031207047,3,4,431,1.3307673836661935e-06,4.971430496366681e-05,0.6199442758601402,0.4443932411674347,0.5798090266903209,0.4360288511181293,2.09117245535139,0.11522754559698674,0.2011903482513739,0.1160883071119287,1.8400236691521301,COMPLETE,0.4360288511181293,0.1160883071119287,0.4443932411674347,0.11522754559698674,2.09117245535139,1.8400236691521301,0.5798090266903209,0.2011903482513739,98
99,0.6273224807625868,2025-09-10 15:15:45.527518,2025-09-10 15:15:51.901388,0 days 00:00:06.373870,0.677627399078135,0.7798043859281069,0.7779152550645896,0.7638138544767443,0.018961452882794848,3,4,423,3.52464829906766e-08,5.1347094261955475e-05,0.6082074418415142,0.4175115207373271,0.6273224807625868,0.37982464320235576,2.2234035298679835,0.12015686579688341,0.18569492694041095,0.14537844396837585,1.4148766672065123,COMPLETE,0.37982464320235576,0.14537844396837585,0.4175115207373271,0.12015686579688341,2.2234035298679835,1.4148766672065123,0.6273224807625868,0.18569492694041095,99
