number,value,datetime_start,datetime_complete,duration,params_colsample_bytree,params_gamma,params_learning_rate,params_max_depth,params_min_child_weight,params_n_estimators,params_reg_alpha,params_reg_lambda,params_subsample,user_attrs_fold_metrics,user_attrs_mean_accuracy,user_attrs_mean_combined,user_attrs_mean_f1_weighted,user_attrs_mean_hit_ratio,user_attrs_mean_sharpe,user_attrs_mean_sortino,state
0,0.46653342804725606,2025-09-11 14:23:42.901965,2025-09-11 14:23:43.344593,0 days 00:00:00.442628,0.6624074561769746,0.7799726016810132,0.1205712628744377,10,7,437,3.0349658373387986e-08,0.1549366521678594,0.8394633936788146,"{'f1_weighted': [0.33074820339544864, 0.18434201318287222], 'accuracy': [0.3369164619164619, 0.3284178187403994], 'sharpe': [23.800742525813387, -174.20888103624546], 'sortino': [32.86676454854483, -224.54178572001405], 'hit_ratio': [0.5257380772142316, 0.30225182366000636], 'combined': [0.8673832923464322, 0.06568356374807988]}",0.33266714032843064,0.46653342804725606,0.25754510828916044,0.413994950437119,-75.20406925521604,-95.8375105857346,COMPLETE
1,0.47316826539045626,2025-09-11 14:23:43.344593,2025-09-11 14:23:43.779596,0 days 00:00:00.435003,0.6849356442713105,0.9091248360355031,0.2708160864249968,3,6,737,3.3300161336615e-07,3.3536982538828884e-06,0.9329770563201687,"{'f1_weighted': [0.3674243982615124, 0.30789451102859694], 'accuracy': [0.36486486486486486, 0.36682027649769583], 'sharpe': [14.290542992127406, -126.48042639638844], 'sortino': [17.29811214365815, -144.51413016420346], 'hit_ratio': [0.5192754296330702, 0.3276668083297918], 'combined': [0.8729724754813734, 0.07336405529953917]}",0.36584257068128034,0.47316826539045626,0.33765945464505465,0.42347111898143097,-56.09494170213051,-63.60800901027265,COMPLETE
2,0.4566385203578425,2025-09-11 14:23:43.780594,2025-09-11 14:23:44.227466,0 days 00:00:00.446872,0.7168578594140873,1.8318092164684585,0.08012737503998542,5,2,489,6.107319200689796e-05,0.03294345976479763,0.6557975442608167,"{'f1_weighted': [0.3700654430417648, 0.221815551704045], 'accuracy': [0.3679361179361179, 0.290937019969278], 'sharpe': [3.7435779538130993, -40.86298092082798], 'sortino': [4.690973684026269, -65.49014526537425], 'hit_ratio': [0.4966139954853273, 0.4240545567265964], 'combined': [0.8550896367218295, 0.05818740399385561]}",0.32943656895269796,0.4566385203578425,0.2959404973729049,0.4603342761059619,-18.55970148350744,-30.399585790673992,COMPLETE
3,0.07080356435195939,2025-09-11 14:23:44.227970,2025-09-11 14:23:44.775651,0 days 00:00:00.547681,0.6682096494749166,0.3252579649263976,0.011711509955524094,7,9,563,0.7528826814605755,1.036908587692841,0.8430179407605753,"{'f1_weighted': [0.3449365154911838, 0.32603936493874935], 'accuracy': [0.343980343980344, 0.3640552995391705], 'sharpe': [-31.550505412349114, -121.47081882436726], 'sortino': [-37.88543734862933, -132.7993307176853], 'hit_ratio': [0.4438943894389439, 0.3057099545224861], 'combined': [0.0687960687960847, 0.0728110599078341]}",0.35401782175975727,0.07080356435195939,0.3354879402149666,0.37480217198071497,-76.51066211835818,-85.34238403315732,COMPLETE
4,0.07137789117333264,2025-09-11 14:23:44.775651,2025-09-11 14:23:45.168660,0 days 00:00:00.393009,0.6488152939379115,2.475884550556351,0.1024932221692416,3,3,374,1.9295682537564468e-08,0.3534239149370339,0.7760609974958406,"{'f1_weighted': [0.3833407278117684, 0.18968370755370878], 'accuracy': [0.3799140049140049, 0.3293394777265745], 'sharpe': [-6.783205242578615, -164.359335004482], 'sortino': [-8.034136634596209, -216.2929042515116], 'hit_ratio': [0.4858576642335766, 0.31401115933044016], 'combined': [0.07688788680135038, 0.0658678955453149]}",0.3546267413202897,0.07137789117333264,0.2865122176827386,0.3999344117820084,-85.57127012353031,-112.1635204430539,COMPLETE
5,0.46041992662737025,2025-09-11 14:23:45.169659,2025-09-11 14:23:45.617208,0 days 00:00:00.447549,0.6739417822102108,4.847923138822793,0.05864129169696527,5,9,696,0.02718947471469732,0.6292292384487448,0.8186841117373118,"{'f1_weighted': [0.3076097066927116, 0.21799299229491415], 'accuracy': [0.3313882063882064, 0.2728110599078341], 'sharpe': [-72.67584341109153, 25.91102461918519], 'sortino': [-95.88579632729542, 35.17210266055145], 'hit_ratio': [0.38870308435525824, 0.5526737111751521], 'combined': [0.06627764127764128, 0.8545622119770993]}",0.30209963314802024,0.46041992662737025,0.26280134949381284,0.47068839776520516,-23.38240939595317,-30.356846833371986,COMPLETE
6,0.07255454658680466,2025-09-11 14:23:45.618220,2025-09-11 14:23:46.141244,0 days 00:00:00.523024,0.6180909155642152,1.6266516538163218,0.01351182947645082,10,9,638,1.684309275610896e-05,1.788448554723848e-06,0.6783931449676581,"{'f1_weighted': [0.348774696186688, 0.320265554546708], 'accuracy': [0.3495085995085995, 0.376036866359447], 'sharpe': [-41.2130009400533, -114.61763276603394], 'sortino': [-48.0469143221864, -112.5880916469857], 'hit_ratio': [0.44507962433646386, 0.30707196029776673], 'combined': [0.06990171990171991, 0.07520737327188941]}",0.36277273293402323,0.07255454658680466,0.334520125366698,0.3760757923171153,-77.91531685304362,-80.31750298458606,COMPLETE
7,0.06659473046569822,2025-09-11 14:23:46.141244,2025-09-11 14:23:46.679253,0 days 00:00:00.538009,0.9208787923016158,0.3727532183988541,0.06333268775321843,5,2,421,1.5566037165984188,0.02572924212570443,0.6563696899899051,"{'f1_weighted': [0.3382647770135374, 0.18104394259550097], 'accuracy': [0.3415233415233415, 0.3244239631336406], 'sharpe': [-62.29885366084488, -168.6879892983818], 'sortino': [-70.19517570362639, -219.67048502011738], 'hit_ratio': [0.39784500621632823, 0.30916509730069053], 'combined': [0.0683046683046683, 0.06488479262672812]}",0.3329736523284911,0.06659473046569822,0.2596543598045192,0.3535050517585094,-115.49342147961335,-144.93283036187188,COMPLETE
8,0.06598056477379874,2025-09-11 14:23:46.680251,2025-09-11 14:23:47.144869,0 days 00:00:00.464618,0.9085081386743783,0.3702232586704518,0.11069143219393454,9,9,104,9.454417250824091e-06,9.15867269174216e-08,0.8916028672163949,"{'f1_weighted': [0.3241551470130922, 0.17666276751083387], 'accuracy': [0.33261670761670764, 0.3271889400921659], 'sharpe': [-25.64610351379479, -171.62715058005244], 'sortino': [-34.87774633994899, -224.20469911029198], 'hit_ratio': [0.4333084947839046, 0.307356608478803], 'combined': [0.0665233415291643, 0.06543778801843318]}",0.3299028238544368,0.06598056477379874,0.25040895726196305,0.3703325516313538,-98.63662704692362,-129.5412227251205,COMPLETE
9,0.06809975779948008,2025-09-11 14:23:47.145866,2025-09-11 14:23:47.609191,0 days 00:00:00.463325,0.7300733288106989,3.64803089169032,0.012413189635294229,5,5,661,0.0019605760527014655,0.23162188338216125,0.7243929286862649,"{'f1_weighted': [0.35584741617624577, 0.18001711402616377], 'accuracy': [0.35288697788697787, 0.328110599078341], 'sharpe': [-22.080504617071963, -170.86372043239177], 'sortino': [-26.083675685990315, -223.3968603074842], 'hit_ratio': [0.4646808510638298, 0.30905145691258523], 'combined': [0.07057739578329195, 0.0656221198156682]}",0.34049878848265946,0.06809975779948008,0.26793226510120477,0.3868661539882075,-96.47211252473187,-124.74026799673726,COMPLETE
10,0.06825361285038706,2025-09-11 14:23:47.609191,2025-09-11 14:23:48.007613,0 days 00:00:00.398422,0.8182873120328862,3.4512353678457264,0.2704729722717779,3,5,972,1.319604577594621e-06,2.258564735153116e-05,0.9810323243403002,"{'f1_weighted': [0.34394420754679184, 0.3330132818660633], 'accuracy': [0.3449017199017199, 0.33763440860215055], 'sharpe': [-60.36417109603005, -61.900324386413615], 'sortino': [-70.91908629826858, -73.50592880252817], 'hit_ratio': [0.408994484514213, 0.42755741127348645], 'combined': [0.06898034398034399, 0.06752688172043012]}",0.34126806425193523,0.06825361285038706,0.3384787447064276,0.4182759478938497,-61.13224774122183,-72.21250755039839,COMPLETE
11,0.07243115864422289,2025-09-11 14:23:48.008629,2025-09-11 14:23:48.434374,0 days 00:00:00.425745,0.7971457481268196,1.284908682843015,0.26817078508151854,8,7,846,1.5237485513554605e-08,0.0005739916857812081,0.9338091332349986,"{'f1_weighted': [0.36700700656480556, 0.29887475759250887], 'accuracy': [0.3657862407862408, 0.3585253456221198], 'sharpe': [-25.494839242680815, -134.9839220355524], 'sortino': [-28.937006356720975, -155.91433923761193], 'hit_ratio': [0.4688581314878893, 0.31862537123462026], 'combined': [0.0731572481640218, 0.07170506912442397]}",0.3621557932041803,0.07243115864422289,0.33294088207865724,0.3937417513612548,-80.23938063911662,-92.42567279716646,COMPLETE
12,0.4655186277038807,2025-09-11 14:23:48.435371,2025-09-11 14:23:48.924372,0 days 00:00:00.489001,0.7874820875551369,1.3687190981058694,0.16145633711303545,10,7,274,1.1942907393273418e-07,0.0002750941650239484,0.8884170683398008,"{'f1_weighted': [0.32657225660478434, 0.18275356969973325], 'accuracy': [0.3277027027027027, 0.32749615975422425], 'sharpe': [12.669262921015868, -173.31104573771538], 'sortino': [18.091195862680355, -224.01835446350591], 'hit_ratio': [0.5060523233112065, 0.3031645569620253], 'combined': [0.8655380234569165, 0.06549923195084485]}",0.32759943122846347,0.4655186277038807,0.2546629131522588,0.4046084401366159,-80.32089140834975,-102.96357930041277,COMPLETE
13,0.07313642377879984,2025-09-11 14:23:48.925369,2025-09-11 14:23:49.538440,0 days 00:00:00.613071,0.6021809558214184,0.8598909516919426,0.02594475096705173,7,7,852,5.48952091566998e-07,2.302814282848498e-06,0.9997449754566204,"{'f1_weighted': [0.36456915638739706, 0.35093772501006726], 'accuracy': [0.36240786240786244, 0.36682027649769583], 'sharpe': [-7.534534259435765, -98.60701837249677], 'sortino': [-8.59270445568779, -115.41760444230327], 'hit_ratio': [0.48272598201609085, 0.36169303120991875], 'combined': [0.07290879225806052, 0.07336405529953917]}",0.36461406945277913,0.07313642377879984,0.35775344069873216,0.4222095066130048,-53.07077631596626,-62.00515444899553,COMPLETE
14,0.06940349001680794,2025-09-11 14:23:49.538440,2025-09-11 14:23:50.076661,0 days 00:00:00.538221,0.7337344348736515,2.4662494972156654,0.17080659935001288,4,4,241,4.770858363869531e-07,0.0052565785469122096,0.7664125867669591,"{'f1_weighted': [0.3687126727419829, 0.18104394259550097], 'accuracy': [0.3657862407862408, 0.3244239631336406], 'sharpe': [-6.951613956724587, -168.6879892983818], 'sortino': [-7.963097111306048, -219.67048502011738], 'hit_ratio': [0.48615090735434574, 0.30916509730069053], 'combined': [0.07392218740688776, 0.06488479262672812]}",0.3451051019599407,0.06940349001680794,0.27487830766874194,0.39765800232751813,-87.8198016275532,-113.81679106571171,COMPLETE
15,0.06754693600571215,2025-09-11 14:23:50.077658,2025-09-11 14:23:50.581772,0 days 00:00:00.504114,0.8561711433906497,0.9431541406805364,0.16625944364237574,8,6,780,0.0007168796144289275,1.3450924846092893e-08,0.8704442519433381,"{'f1_weighted': [0.35019251045383, 0.18001711402616377], 'accuracy': [0.34735872235872234, 0.328110599078341], 'sharpe': [-18.455788402971034, -170.86372043239177], 'sortino': [-23.506872983834896, -223.3968603074842], 'hit_ratio': [0.45535714285714285, 0.30905145691258523], 'combined': [0.06947175219575612, 0.0656221198156682]}",0.33773466071853164,0.06754693600571215,0.2651048122399969,0.38220429988486404,-94.6597544176814,-123.45186664565955,COMPLETE
16,0.07441556145180782,2025-09-11 14:23:50.582771,2025-09-11 14:23:51.147477,0 days 00:00:00.564706,0.7019847524469807,0.10595209871609967,0.03167502366659872,6,6,545,1.0190362525687026e-08,1.6872706316076912e-05,0.934429125910761,"{'f1_weighted': [0.37474078483160217, 0.30789451102859694], 'accuracy': [0.37223587223587223, 0.36682027649769583], 'sharpe': [-6.663638174213836, -126.48042639638844], 'sortino': [-7.958607855431516, -144.51413016420346], 'hit_ratio': [0.48001902949571834, 0.3276668083297918], 'combined': [0.07546706760407647, 0.07336405529953917]}",0.36952807436678403,0.07441556145180782,0.34131764793009955,0.40384291891275503,-66.57203228530113,-76.2363690098175,COMPLETE
17,0.06429038485514127,2025-09-11 14:23:51.148486,2025-09-11 14:23:51.712515,0 days 00:00:00.564029,0.769400478413884,1.9009136319305537,0.2020210933074639,9,8,972,3.0163367481813368e-06,1.2157438018547918e-06,0.9406069544760227,"{'f1_weighted': [0.34464518237798997, 0.20870522505868747], 'accuracy': [0.34797297297297297, 0.29493087557603687], 'sharpe': [-28.140633329919762, -105.0462252112514], 'sortino': [-34.22721655968522, -146.06101788218032], 'hit_ratio': [0.47049312853678255, 0.3673913043478261], 'combined': [0.06959459459507518, 0.05898617511520737]}",0.3214519242745049,0.06429038485514127,0.2766752037183387,0.41894221644230434,-66.59342927058557,-90.14411722093277,COMPLETE
18,0.4672395048919289,2025-09-11 14:23:51.713512,2025-09-11 14:23:52.256478,0 days 00:00:00.542966,0.6472416279403943,3.2211163506570806,0.03604696968977697,6,4,356,1.2265929925801488e-07,0.0014644927429029314,0.6026168324121943,"{'f1_weighted': [0.3552504938399512, 0.16916805275675886], 'accuracy': [0.35411547911547914, 0.31827956989247314], 'sharpe': [24.532470841808863, -167.02253577559998], 'sortino': [31.48298343343341, -218.276371775799], 'hit_ratio': [0.5378961874138724, 0.31318167653474605], 'combined': [0.8708230958053632, 0.06365591397849463]}",0.3361975245039761,0.4672395048919289,0.26220927329835503,0.4255389319743092,-71.24503246689555,-93.39669417118279,COMPLETE
19,0.4397608848191967,2025-09-11 14:23:52.257475,2025-09-11 14:23:52.786658,0 days 00:00:00.529183,0.8469529877466562,3.416581324352393,0.03448210950637618,4,1,315,1.849924063820434e-07,0.0021657848820806577,0.6172803398163924,"{'f1_weighted': [0.35272649942834466, 0.221815551704045], 'accuracy': [0.35411547911547914, 0.290937019969278], 'sharpe': [2.71900969688568, -40.86298092082798], 'sortino': [2.763769273084755, -65.49014526537425], 'hit_ratio': [0.5138476755687438, 0.4240545567265964], 'combined': [0.8213343656445378, 0.05818740399385561]}",0.3225262495423786,0.4397608848191967,0.2872710255661948,0.4689511161476701,-19.07198561197115,-31.36318799614475,COMPLETE
20,0.0680994557607463,2025-09-11 14:23:52.787656,2025-09-11 14:23:53.536414,0 days 00:00:00.748758,0.971241147293149,4.192935333529579,0.019427395353627933,6,4,149,0.0002350391771997346,4.8086226625023625e-05,0.6015456564143142,"{'f1_weighted': [0.3656856657501378, 0.16916805275675886], 'accuracy': [0.3627149877149877, 0.31827956989247314], 'sharpe': [-35.14813379875399, -167.02253577559998], 'sortino': [-39.699785107546745, -218.276371775799], 'hit_ratio': [0.43330308529945555, 0.31318167653474605], 'combined': [0.07254299754299799, 0.06365591397849463]}",0.34049727880373043,0.0680994557607463,0.26742685925344833,0.3732423809171008,-101.08533478717698,-128.98807844167288,COMPLETE
21,0.46840687295958605,2025-09-11 14:23:53.537915,2025-09-11 14:23:54.179411,0 days 00:00:00.641496,0.637701775308609,2.878235689358507,0.04443983958343075,8,4,443,1.3018589039063812e-07,0.030906258376722773,0.7116634278598577,"{'f1_weighted': [0.35934820337565254, 0.18001711402616377], 'accuracy': [0.355958230958231, 0.328110599078341], 'sharpe': [17.499992550658042, -170.86372043239177], 'sortino': [23.994390774993484, -223.3968603074842], 'hit_ratio': [0.5276979893311449, 0.30905145691258523], 'combined': [0.8711916261035039, 0.0656221198156682]}",0.342034415018286,0.46840687295958605,0.26968265870090813,0.4183747231218651,-76.68186394086686,-99.70123476624535,COMPLETE
22,0.4336402144878669,2025-09-11 14:23:54.180422,2025-09-11 14:23:54.921221,0 days 00:00:00.740799,0.6346832400297833,2.8156382728704097,0.04398189955114848,8,4,358,1.2148700456713766e-07,0.0035908446501317034,0.7284219505636675,"{'f1_weighted': [0.3534682317961446, 0.18104394259550097], 'accuracy': [0.3501228501228501, 0.3244239631336406], 'sharpe': [2.3822514022987655, -168.6879892983818], 'sortino': [2.834886347769479, -219.67048502011738], 'hit_ratio': [0.5027472527472527, 0.30916509730069053], 'combined': [0.8023956363490057, 0.06488479262672812]}",0.33727340662824534,0.4336402144878669,0.2672560871958228,0.40595617502397163,-83.15286894804152,-108.41779933617396,COMPLETE
23,0.46660966800484993,2025-09-11 14:23:54.922218,2025-09-11 14:23:55.645095,0 days 00:00:00.722877,0.6994579942738955,2.965232651916209,0.04593308068063707,7,3,200,6.270714962452849e-06,0.02989810505767196,0.7108183331180387,"{'f1_weighted': [0.3598932950543005, 0.18104394259550097], 'accuracy': [0.35657248157248156, 0.3244239631336406], 'sharpe': [5.588972326031662, -168.6879892983818], 'sortino': [6.807114792088057, -219.67048502011738], 'hit_ratio': [0.5148259561667383, 0.30916509730069053], 'combined': [0.8683345433829718, 0.06488479262672812]}",0.34049822235306104,0.46660966800484993,0.27046861882490075,0.4119955267337144,-81.54950848617507,-106.43168511401467,COMPLETE
24,0.06867329557015425,2025-09-11 14:23:55.646093,2025-09-11 14:23:56.371677,0 days 00:00:00.725584,0.7556773225444473,2.972169413856211,0.018880560068721523,4,3,516,7.014542739625707e-08,0.0007497924365631751,0.7699608204160816,"{'f1_weighted': [0.364096702591824, 0.18104394259550097], 'accuracy': [0.36117936117936117, 0.3244239631336406], 'sharpe': [-8.171875817693582, -168.6879892983818], 'sortino': [-9.563428551513715, -219.67048502011738], 'hit_ratio': [0.4761215629522431, 0.30916509730069053], 'combined': [0.07246179851358038, 0.06488479262672812]}",0.3428016621565009,0.06867329557015425,0.2725703225936625,0.3926433301264668,-88.42993255803769,-114.61695678581555,COMPLETE
25,0.46588830972735,2025-09-11 14:23:56.372674,2025-09-11 14:23:57.538676,0 days 00:00:01.166002,0.6328693932848442,4.145942595193253,0.07821935389399118,9,5,597,7.707939170113901e-07,0.00012153044455209325,0.6337502379837634,"{'f1_weighted': [0.3323958726741229, 0.1709469559931459], 'accuracy': [0.33507371007371006, 0.3238095238095238], 'sharpe': [17.192431961679276, -179.7903536784575], 'sortino': [23.739881335154838, -230.07185561510227], 'hit_ratio': [0.5284522003034902, 0.2989335006273526], 'combined': [0.8670147146927952, 0.06476190476190477]}",0.32944161694161694,0.46588830972735,0.2516714143336344,0.41369285046542137,-81.29896085838911,-103.16598713997371,COMPLETE
26,0.06659482743760312,2025-09-11 14:23:57.539677,2025-09-11 14:23:58.232699,0 days 00:00:00.693022,0.6907939095057634,2.143342179077329,0.03736025994993537,6,6,726,3.595377879361852e-05,6.220714077668472e-06,0.6914125468052243,"{'f1_weighted': [0.3335686742601628, 0.18584885226045736], 'accuracy': [0.33845208845208846, 0.32749615975422425], 'sharpe': [-18.844957242639893, -176.33625174683712], 'sortino': [-22.726661991175, -224.48458823009204], 'hit_ratio': [0.4768237082066869, 0.30102367242482403], 'combined': [0.06769042292436138, 0.06549923195084485]}",0.33297412410315635,0.06659482743760312,0.25970876326031006,0.38892369031575547,-97.5906044947385,-123.60562511063353,COMPLETE
27,0.46953243326368127,2025-09-11 14:23:58.233696,2025-09-11 14:23:59.081377,0 days 00:00:00.847681,0.6001959693486938,4.012914011016107,0.018517082551071106,3,4,450,2.6388581523723088e-06,1.660192801440189e-07,0.7477943796768141,"{'f1_weighted': [0.2997780018431386, 0.33768241508078145], 'accuracy': [0.3237100737100737, 0.3717357910906298], 'sharpe': [10.401595584456212, -128.23382164754292], 'sortino': [15.0002301251914, -133.15788627915956], 'hit_ratio': [0.5032567706547824, 0.2922841083290751], 'combined': [0.8647177083092366, 0.07434715821812597]}",0.3477229324003518,0.46953243326368127,0.31873020846196,0.3977704394919287,-58.916113031543354,-59.07882807698408,COMPLETE
28,0.07350670108734625,2025-09-11 14:23:59.082374,2025-09-11 14:23:59.592526,0 days 00:00:00.510152,0.6096414663351699,4.872867761630514,0.01849648463485762,3,5,492,1.895230819898309e-06,2.448355272930385e-07,0.7929321288861393,"{'f1_weighted': [0.3576364114172082, 0.32726765256856927], 'accuracy': [0.3568796068796069, 0.3781874039938556], 'sharpe': [-46.299223719904916, -131.2935355993166], 'sortino': [-54.97405354741948, -144.80827327756595], 'hit_ratio': [0.4244482173174873, 0.30401529636711283], 'combined': [0.07137592137592139, 0.07563748079877113]}",0.36753350543673124,0.07350670108734625,0.34245203199288876,0.3642317568423,-88.79637965961076,-99.89116341249272,COMPLETE
29,0.06526213858061364,2025-09-11 14:23:59.593524,2025-09-11 14:24:00.086644,0 days 00:00:00.493120,0.6632691650332917,4.357657559461835,0.023630005979475045,4,2,417,4.904971297805569e-08,9.518977870708214e-08,0.7412377032806259,"{'f1_weighted': [0.36462902925342655, 0.21258611890567314], 'accuracy': [0.3608722358722359, 0.290937019969278], 'sharpe': [-8.501941483671134, -68.5664178820095], 'sortino': [-9.845067630684639, -104.69417974435837], 'hit_ratio': [0.4881999074502545, 0.4011159330440174], 'combined': [0.07233687316737167, 0.05818740399385561]}",0.3259046279207569,0.06526213858061364,0.28860757407954984,0.4446579202471359,-38.53417968284032,-57.2696236875215,COMPLETE
30,0.4649023579431247,2025-09-11 14:24:00.087640,2025-09-11 14:24:00.512763,0 days 00:00:00.425123,0.6012608728023652,3.852155963021653,0.08213626249163404,3,6,455,3.0599656573956855e-07,1.6205712618363023e-08,0.7487791457406621,"{'f1_weighted': [0.30467934960993065, 0.1742607458707173], 'accuracy': [0.3261670761670762, 0.3228878648233487], 'sharpe': [11.756214165728636, -173.3488312506509], 'sortino': [16.891883737680025, -224.6778729553862], 'hit_ratio': [0.5053614666205465, 0.30615432677288346], 'combined': [0.8652271429215797, 0.06457757296466975]}",0.32452747049521247,0.4649023579431247,0.239470047740324,0.40575789669671497,-80.79630854246113,-103.89299460885309,COMPLETE
31,0.06785405745083173,2025-09-11 14:24:00.513761,2025-09-11 14:24:00.979794,0 days 00:00:00.466033,0.6373398654451251,3.289402338121248,0.02857160560950153,4,4,363,5.203325590629209e-08,4.3049094174530965e-07,0.6938435650431923,"{'f1_weighted': [0.35117970061573917, 0.18001711402616377], 'accuracy': [0.35042997542997545, 0.328110599078341], 'sharpe': [-36.16014554514589, -170.86372043239177], 'sortino': [-42.82728843479564, -223.3968603074842], 'hit_ratio': [0.43214588634435963, 0.30905145691258523], 'combined': [0.07008599508599524, 0.0656221198156682]}",0.3392702872541582,0.06785405745083173,0.26559840732095147,0.37059867162847243,-103.51193298876883,-133.11207437113993,COMPLETE
32,0.07059961711632023,2025-09-11 14:24:00.980791,2025-09-11 14:24:01.489063,0 days 00:00:00.508272,0.6808700323307557,3.86695738153996,0.044697966656608946,3,3,303,3.7308546909641652e-06,0.07477183977703808,0.8164705062081976,"{'f1_weighted': [0.377728126316981, 0.18968370755370878], 'accuracy': [0.3762285012285012, 0.3293394777265745], 'sharpe': [-9.142125686120712, -164.359335004482], 'sortino': [-10.496862321164294, -216.2929042515116], 'hit_ratio': [0.470935960591133, 0.31401115933044016], 'combined': [0.07533133868732557, 0.0658678955453149]}",0.35278398947753786,0.07059961711632023,0.28370591693534486,0.3924735599607866,-86.75073034530136,-113.39488328633794,COMPLETE
33,0.06926761525748655,2025-09-11 14:24:01.490061,2025-09-11 14:24:02.006839,0 days 00:00:00.516778,0.6567220574048803,3.1460321822535304,0.02233335302617771,8,4,462,2.571829641644729e-07,0.009007911975741884,0.6668553804590502,"{'f1_weighted': [0.3670565959991994, 0.18001711402616377], 'accuracy': [0.36455773955773957, 0.328110599078341], 'sharpe': [-13.145893803026661, -170.86372043239177], 'sortino': [-15.404318571257093, -223.3968603074842], 'hit_ratio': [0.4914134742404227, 0.30905145691258523], 'combined': [0.0729131106993049, 0.0656221198156682]}",0.3463341693180403,0.06926761525748655,0.27353685501268155,0.40023246557650394,-92.00480711770922,-119.40058943937063,COMPLETE
34,0.47159209908954375,2025-09-11 14:24:02.008340,2025-09-11 14:24:02.548194,0 days 00:00:00.539854,0.6322253274405579,2.624659026007168,0.01487544531296001,7,1,585,6.297373340539232e-05,0.00010918913030456574,0.6307551607138808,"{'f1_weighted': [0.3572715899899616, 0.3438801142461694], 'accuracy': [0.35902948402948404, 0.35729646697388634], 'sharpe': [9.197915110607296, -86.25111295749926], 'sortino': [10.74228307360481, -99.2971173152341], 'hit_ratio': [0.5074244751664106, 0.35621072982116964], 'combined': [0.8717249047843102, 0.07145929339477727]}",0.3581629755016852,0.47159209908954375,0.3505758521180655,0.43181760249379014,-38.52659892344598,-44.27741712081465,COMPLETE
35,0.28204154243817336,2025-09-11 14:24:02.549193,2025-09-11 14:24:03.099777,0 days 00:00:00.550584,0.6322978544082024,2.2685211435960637,0.014957600516659482,7,1,587,0.00010537871522393115,6.681460090403871e-06,0.638517967735588,"{'f1_weighted': [0.35834338728166976, 0.221815551704045], 'accuracy': [0.3617936117936118, 0.290937019969278], 'sharpe': [0.16807937426596684, -40.86298092082798], 'sortino': [0.18784531948908217, -65.49014526537425], 'hit_ratio': [0.49095890410958903, 0.4240545567265964], 'combined': [0.5058956808824911, 0.05818740399385561]}",0.3263653158814449,0.28204154243817336,0.29007946949285734,0.45750673041809276,-20.347450773281007,-32.651149972942584,COMPLETE
36,0.4684706149002694,2025-09-11 14:24:03.099777,2025-09-11 14:24:03.573750,0 days 00:00:00.473973,0.667269872935256,2.714068154651235,0.014888463560777334,7,10,778,0.008920262934494536,4.186542011627436e-07,0.8421475489395714,"{'f1_weighted': [0.32744734851340057, 0.32285415520823907], 'accuracy': [0.3237100737100737, 0.3794162826420891], 'sharpe': [5.3759856648271676, -125.64328106905715], 'sortino': [7.116171228114004, -129.7864343172684], 'hit_ratio': [0.48927219183845183, 0.30254424778761063], 'combined': [0.8610579732721211, 0.07588325652841782]}",0.3515631781760814,0.4684706149002694,0.3251507518608198,0.39590821981303126,-60.13364770211499,-61.3351315445772,COMPLETE
37,0.0688378736747321,2025-09-11 14:24:03.574747,2025-09-11 14:24:04.074799,0 days 00:00:00.500052,0.721903260993927,2.575093729654659,0.010709637897902054,5,10,763,0.010666473870783986,4.264854620561118e-08,0.9126886635210598,"{'f1_weighted': [0.3301127446924292, 0.31900396955138755], 'accuracy': [0.3277027027027027, 0.36067588325652844], 'sharpe': [-17.093684688496847, -116.10444053769008], 'sortino': [-19.355627681788665, -122.13669496777607], 'hit_ratio': [0.4619336758524054, 0.3225979602791197], 'combined': [0.0655405706981585, 0.07213517665130569]}",0.34418929297961554,0.0688378736747321,0.3245583571219084,0.39226581806576255,-66.59906261309347,-70.74616132478236,COMPLETE
38,0.15373746565136467,2025-09-11 14:24:04.076306,2025-09-11 14:24:04.559444,0 days 00:00:00.483138,0.6740236809615529,1.8835953389604891,0.015530054478202677,7,10,874,0.029691817033715488,7.459028171772129e-07,0.864419376285669,"{'f1_weighted': [0.306061003038845, 0.3121629263361077], 'accuracy': [0.3055896805896806, 0.36682027649769583], 'sharpe': [-1.28770701696743, -126.99362805258524], 'sortino': [-1.7099101562444314, -129.0183961085102], 'hit_ratio': [0.4821570182394925, 0.2977142857142857], 'combined': [0.2341108760031902, 0.07336405529953917]}",0.33620497854368825,0.15373746565136467,0.30911196468747637,0.38993565197688906,-64.14066753477633,-65.36415313237731,COMPLETE
39,0.07150621853269641,2025-09-11 14:24:04.560431,2025-09-11 14:24:05.050904,0 days 00:00:00.490473,0.7506911285876728,4.504327297730932,0.010107894563510869,5,8,668,0.19667517820823388,3.940965322672525e-06,0.8302875872745665,"{'f1_weighted': [0.3064087697765835, 0.18584885226045736], 'accuracy': [0.32186732186732187, 0.32749615975422425], 'sharpe': [-4.092409389003417, -176.33625174683712], 'sortino': [-5.776694162874313, -224.48458823009204], 'hit_ratio': [0.48383658969804616, 0.30102367242482403], 'combined': [0.07751320511454797, 0.06549923195084485]}",0.32468174081077306,0.07150621853269641,0.2461288110185204,0.3924301310614351,-90.21433056792027,-115.13064119648318,COMPLETE
40,0.06610342532062208,2025-09-11 14:24:05.051897,2025-09-11 14:24:05.559067,0 days 00:00:00.507170,0.7114063806039101,1.6021955804734918,0.015126546544377709,7,8,618,0.0003493592937200405,1.9852457439563999e-07,0.8023320287289085,"{'f1_weighted': [0.33163315811345373, 0.18584885226045736], 'accuracy': [0.33353808353808356, 0.32749615975422425], 'sharpe': [-19.815621067345454, -176.33625174683712], 'sortino': [-23.537346905042256, -224.48458823009204], 'hit_ratio': [0.46634615384615385, 0.30102367242482403], 'combined': [0.06670761869039932, 0.06549923195084485]}",0.3305171216461539,0.06610342532062208,0.25874100518695553,0.3836849131354889,-98.07593640709129,-124.01096756756715,COMPLETE
41,0.07279977407241899,2025-09-11 14:24:05.560066,2025-09-11 14:24:06.159735,0 days 00:00:00.599669,0.6242068943220364,2.5728548419847193,0.012867045470199552,8,2,800,3.173283309558289e-05,1.262097329206582,0.8479627174524625,"{'f1_weighted': [0.3714831138822202, 0.3078325579648337], 'accuracy': [0.3703931203931204, 0.3576036866359447], 'sharpe': [-15.270409998586498, -142.34929454419597], 'sortino': [-16.24023727583415, -160.9378195683554], 'hit_ratio': [0.4765166340508806, 0.29271523178807946], 'combined': [0.07407881081764903, 0.07152073732718894]}",0.36399840351453255,0.07279977407241899,0.33965783592352694,0.38461593291948004,-78.80985227139124,-88.58902842209477,COMPLETE
42,0.47215485909034294,2025-09-11 14:24:06.160733,2025-09-11 14:24:06.645183,0 days 00:00:00.484450,0.6547724551958687,2.8014318899600203,0.1300889269458134,8,1,714,9.011563587283173e-06,8.35942426116539e-05,0.9643309908483702,"{'f1_weighted': [0.35902192384510173, 0.335639158730917], 'accuracy': [0.3593366093366093, 0.3622119815668203], 'sharpe': [37.349003045300705, -105.93732960565039], 'sortino': [50.285368854059726, -115.00640850180305], 'hit_ratio': [0.5561063542136098, 0.34194528875379937], 'combined': [0.8718673218673219, 0.07244239631336406]}",0.3607742954517148,0.47215485909034294,0.34733054128800933,0.44902582148370457,-34.29416328017484,-32.36051982387166,COMPLETE
43,0.44865207982253513,2025-09-11 14:24:06.646179,2025-09-11 14:24:07.154865,0 days 00:00:00.508686,0.6563810859265757,2.218588350630256,0.13422225808281663,9,1,674,0.003534218269300837,0.00012380539447221352,0.949755630286207,"{'f1_weighted': [0.3501397137971125, 0.335639158730917], 'accuracy': [0.3452088452088452, 0.3622119815668203], 'sharpe': [2.8395309178000883, -105.93732960565039], 'sortino': [3.5246379991952015, -115.00640850180305], 'hit_ratio': [0.5045330915684497, 0.34194528875379937], 'combined': [0.8248617633317062, 0.07244239631336406]}",0.3537104133878327,0.44865207982253513,0.34288943626401475,0.42323919016112455,-51.54889934392515,-55.74088525130392,COMPLETE
44,0.47009647791613723,2025-09-11 14:24:07.154865,2025-09-11 14:24:07.560599,0 days 00:00:00.405734,0.6748173210604391,3.584263264657406,0.2184159127698811,7,2,723,1.4132440024155394e-05,3.7224986952972156e-05,0.9564871715547817,"{'f1_weighted': [0.3558515544793898, 0.3408583260754551], 'accuracy': [0.35964373464373467, 0.34132104454685097], 'sharpe': [25.642670530814367, -56.83167573263544], 'sortino': [30.93984388815231, -65.63832032459356], 'hit_ratio': [0.5351637764932563, 0.44611528822055135], 'combined': [0.8719287469229042, 0.0682642089093702]}",0.3504823895952928,0.47009647791613723,0.3483549402774224,0.49063953235690383,-15.594502600910536,-17.349238218220627,COMPLETE
45,0.47077268985224713,2025-09-11 14:24:07.561597,2025-09-11 14:24:08.026702,0 days 00:00:00.465105,0.6165725115872006,4.638038308274863,0.2149177213151373,6,2,719,1.410821860227482e-05,4.423049255258753e-05,0.9680019342504481,"{'f1_weighted': [0.3461248578777326, 0.335639158730917], 'accuracy': [0.3455159705159705, 0.3622119815668203], 'sharpe': [15.149629446829735, -105.93732960565039], 'sortino': [19.448901437132385, -115.00640850180305], 'hit_ratio': [0.5183585313174947, 0.34194528875379937], 'combined': [0.8691029833911302, 0.07244239631336406]}",0.3538639760413954,0.47077268985224713,0.3408820083043248,0.430151910035647,-45.39385007941033,-47.77875353233533,COMPLETE
46,0.47074144105513277,2025-09-11 14:24:08.027700,2025-09-11 14:24:08.437557,0 days 00:00:00.409857,0.6852460885224407,4.552374167847205,0.23885383482656206,6,2,722,1.296954073633778e-05,5.012766336662108e-05,0.9690894551380589,"{'f1_weighted': [0.3607660997528394, 0.3408583260754551], 'accuracy': [0.36609336609336607, 0.34132104454685097], 'sharpe': [24.5299194444069, -56.83167573263544], 'sortino': [29.22251999573525, -65.63832032459356], 'hit_ratio': [0.5290519877675841, 0.44611528822055135], 'combined': [0.8732186732008953, 0.0682642089093702]}",0.3537072053201085,0.47074144105513277,0.3508122129141472,0.48758363799406773,-16.15087814411427,-18.207900164429155,COMPLETE
47,0.07216135941939161,2025-09-11 14:24:08.438569,2025-09-11 14:24:08.840003,0 days 00:00:00.401434,0.6201357834430873,4.636366111573089,0.29798215010771406,6,1,713,6.410229304392294e-05,1.4527974973349366e-05,0.9753338481548941,"{'f1_weighted': [0.3557682543990661, 0.335639158730917], 'accuracy': [0.3525798525798526, 0.3622119815668203], 'sharpe': [-6.372225234167886, -105.93732960565039], 'sortino': [-7.623770238450111, -115.00640850180305], 'hit_ratio': [0.48305860805860806, 0.34194528875379937], 'combined': [0.07188032252541918, 0.07244239631336406]}",0.3573959170733364,0.07216135941939161,0.34570370656499155,0.4125019484062037,-56.15477741990914,-61.31508937012658,COMPLETE
48,0.47215482134829495,2025-09-11 14:24:08.840003,2025-09-11 14:24:09.296389,0 days 00:00:00.456386,0.6983694315936342,0.5723505302828888,0.2153630916212311,5,1,879,8.35513508012422e-06,0.00030841229549643715,0.9998419060554904,"{'f1_weighted': [0.35945512594243867, 0.31586943536412765], 'accuracy': [0.3605651105651106, 0.36098310291858676], 'sharpe': [29.307803258478017, -119.43591029007978], 'sortino': [37.76327852296354, -145.9868819241323], 'hit_ratio': [0.5344827586206896, 0.33774834437086093], 'combined': [0.8721130221128726, 0.07219662058371736]}",0.3607741067418487,0.47215482134829495,0.3376622806532832,0.4361155514957753,-45.06405351580088,-54.11180170058438,COMPLETE
49,0.06809938971243626,2025-09-11 14:24:09.297387,2025-09-11 14:24:09.782054,0 days 00:00:00.484667,0.6517478471741838,0.6182034291292436,0.13635495708408432,5,1,914,2.66911576034125e-05,0.00043826555437759046,0.9890357597437581,"{'f1_weighted': [0.3634917179714197, 0.20338891056936245], 'accuracy': [0.36486486486486486, 0.3161290322580645], 'sharpe': [-28.657345576647835, -138.87312118033455], 'sortino': [-33.499732162368545, -189.8494497078359], 'hit_ratio': [0.4559118236472946, 0.33447845096814494], 'combined': [0.07297297297325964, 0.0632258064516129]}",0.3404969485614647,0.06809938971243626,0.28344031427039107,0.39519513730771977,-83.76523337849119,-111.67459093510223,COMPLETE
50,0.46828387247742087,2025-09-11 14:24:09.783046,2025-09-11 14:24:10.239675,0 days 00:00:00.456629,0.7125472634316611,0.6370308146540099,0.18089245949273142,5,1,824,5.7591660349728056e-06,7.651916902643119e-05,0.9120636617113338,"{'f1_weighted': [0.35553404566877617, 0.18023147564743494], 'accuracy': [0.35995085995085996, 0.3228878648233487], 'sharpe': [42.80407508010572, -167.142363017554], 'sortino': [54.91038245284471, -217.92351642512872], 'hit_ratio': [0.5591133004926109, 0.30857675574891236], 'combined': [0.871990171990172, 0.06457757296466975]}",0.34141936238710435,0.46828387247742087,0.26788276065810557,0.43384502812076164,-62.16914396872414,-81.506566986142,COMPLETE
51,0.46736306268564337,2025-09-11 14:24:10.240673,2025-09-11 14:24:10.668829,0 days 00:00:00.428156,0.6914887488647407,1.1827312279476137,0.2485530666351713,6,2,641,1.2871414104695129e-05,0.00025854927774332515,0.9675175497711076,"{'f1_weighted': [0.3132111789380122, 0.3408583260754551], 'accuracy': [0.3323095823095823, 0.34132104454685097], 'sharpe': [73.02258576356675, -56.83167573263544], 'sortino': [100.72278253276369, -65.63832032459356], 'hit_ratio': [0.6116248348745046, 0.44611528822055135], 'combined': [0.8664619164619165, 0.0682642089093702]}",0.33681531342821663,0.46736306268564337,0.32703475250673364,0.5288700615475279,8.095455015465657,17.54223110408506,COMPLETE
52,0.4683151511377318,2025-09-11 14:24:10.669828,2025-09-11 14:24:11.064815,0 days 00:00:00.394987,0.6811618393908133,4.682636541517254,0.2270424663099193,6,2,900,9.952575290474629e-05,2.6595836493726457e-05,0.9998799571300322,"{'f1_weighted': [0.33317155251116704, 0.3408583260754551], 'accuracy': [0.3418304668304668, 0.34132104454685097], 'sharpe': [50.545042006341816, -56.83167573263544], 'sortino': [64.89347552870682, -65.63832032459356], 'hit_ratio': [0.5770642201834862, 0.44611528822055135], 'combined': [0.8683660933660934, 0.0682642089093702]}",0.3415757556886589,0.4683151511377318,0.33701493929331106,0.5115897542020188,-3.1433168631468114,-0.3724223979433745,COMPLETE
53,0.46630544417203107,2025-09-11 14:24:11.065809,2025-09-11 14:24:11.580801,0 days 00:00:00.514992,0.7374425615746076,0.10429205088558025,0.1930440608502177,6,2,758,1.0886901488235211e-06,0.00025414038781436225,0.9201174848635195,"{'f1_weighted': [0.35482352386178934, 0.18087303240001731], 'accuracy': [0.35411547911547914, 0.31152073732718893], 'sharpe': [7.344926948695483, -160.53516266271595], 'sortino': [9.321129882558468, -209.84180945534712], 'hit_ratio': [0.4897139989964877, 0.31090561224489793], 'combined': [0.8703067408786244, 0.06230414746543779]}",0.33281810822133406,0.46630544417203107,0.26784827813090334,0.40030980562069285,-76.59511785701024,-100.26033978639433,COMPLETE
54,0.06905213864908162,2025-09-11 14:24:11.581798,2025-09-11 14:24:12.039873,0 days 00:00:00.458075,0.817804112354235,1.5658292371906255,0.1477635991021922,5,1,931,0.0007534769907922727,6.171755474615985e-05,0.9758691768549875,"{'f1_weighted': [0.35242637534467464, 0.3330132818660633], 'accuracy': [0.35288697788697787, 0.33763440860215055], 'sharpe': [-28.493990770875982, -61.900324386413615], 'sortino': [-33.67207248155044, -73.50592880252817], 'hit_ratio': [0.4219387755102041, 0.42755741127348645], 'combined': [0.07057739557773313, 0.06752688172043012]}",0.3452606932445642,0.06905213864908162,0.342719828605369,0.42474809339184527,-45.1971575786448,-53.58900064203931,COMPLETE
55,0.4699740901353794,2025-09-11 14:24:12.039873,2025-09-11 14:24:12.518531,0 days 00:00:00.478658,0.6444167519702133,1.0683004055729306,0.1116694722068325,7,3,553,7.479896450904727e-06,1.0821997634081028e-05,0.9551837317232382,"{'f1_weighted': [0.3452652946877801, 0.33547098267636793], 'accuracy': [0.34336609336609336, 0.3563748079877112], 'sharpe': [33.530882930225154, -95.15840275858729], 'sortino': [51.8931441013807, -107.40487885232258], 'hit_ratio': [0.5278460278460279, 0.36284470246734396], 'combined': [0.8686732186732166, 0.07127496159754225]}",0.34987045067690226,0.4699740901353794,0.34036813868207405,0.4453453651566859,-30.813759914181066,-27.75586737547094,COMPLETE
56,0.06582987233029775,2025-09-11 14:24:12.518531,2025-09-11 14:24:12.998547,0 days 00:00:00.480016,0.6155254052977122,0.5843614615639028,0.25245867793956966,8,1,823,2.1493181019928836e-05,0.0011053031744266677,0.895191988421761,"{'f1_weighted': [0.3311998570292598, 0.18340145637654415], 'accuracy': [0.3356879606879607, 0.3225806451612903], 'sharpe': [-11.796692527967256, -166.14261786877572], 'sortino': [-16.678740030868205, -217.4781666356217], 'hit_ratio': [0.4592933947772657, 0.3088235294117647], 'combined': [0.06714361562833744, 0.06451612903225806]}",0.32913430292462553,0.06582987233029775,0.257300656702902,0.3840584620945152,-88.96965519837148,-117.07845333324495,COMPLETE
57,0.4725178487191714,2025-09-11 14:24:12.998547,2025-09-11 14:24:13.419931,0 days 00:00:00.421384,0.6964304889402521,4.925706888224865,0.21914755037238542,6,2,993,0.00022722787764847425,2.700528239913563e-06,0.9318957064018928,"{'f1_weighted': [0.3575849039362527, 0.31955216244402573], 'accuracy': [0.3574938574938575, 0.3717357910906298], 'sharpe': [6.894032732877869, -122.1892071362879], 'sortino': [8.042658563555333, -141.2555689971556], 'hit_ratio': [0.5044554455445545, 0.3341687552213868], 'combined': [0.8706885392202168, 0.07434715821812597]}",0.3646148242922437,0.4725178487191714,0.33856853319013924,0.4193121003829706,-57.647587201705015,-66.60645521680013,COMPLETE
58,0.06834496729658289,2025-09-11 14:24:13.419931,2025-09-11 14:24:13.856504,0 days 00:00:00.436573,0.7768916894307125,0.3162251600838582,0.287162153826336,4,1,990,0.00030852210414042473,2.505677487355274e-06,0.9323908837774321,"{'f1_weighted': [0.3704655961939354, 0.1741681565081078], 'accuracy': [0.3713144963144963, 0.3121351766513057], 'sharpe': [-32.62952682754205, -169.40535202120554], 'sortino': [-32.57914590778966, -219.18403707007545], 'hit_ratio': [0.4530005310674456, 0.30528313824739006], 'combined': [0.07426289926290464, 0.062427035330261144]}",0.341724836482901,0.06834496729658289,0.2723168763510216,0.3791418346574178,-101.0174394243738,-125.88159148893256,COMPLETE
59,0.47284530671313846,2025-09-11 14:24:13.858010,2025-09-11 14:24:14.278724,0 days 00:00:00.420714,0.7037868841912354,1.403288009204036,0.20228796167497048,5,3,871,0.0008997002287454317,1.2446798429032696e-06,0.9897830206934408,"{'f1_weighted': [0.3828701435335258, 0.3408583260754551], 'accuracy': [0.3885135135135135, 0.34132104454685097], 'sharpe': [7.970540908420694, -56.83167573263544], 'sortino': [8.630148312510977, -65.63832032459356], 'hit_ratio': [0.5109529025191676, 0.44611528822055135], 'combined': [0.8774264045169067, 0.0682642089093702]}",0.36491727903018223,0.47284530671313846,0.3618642348044904,0.47853409536985947,-24.430567412107372,-28.504086006041295,COMPLETE
60,0.47519556002342794,2025-09-11 14:24:14.279724,2025-09-11 14:24:14.753297,0 days 00:00:00.473573,0.7027563580707649,0.8667297266059981,0.09192430691862553,4,3,947,0.0011208991313816116,1.2005592241245364e-06,0.9935554666916834,"{'f1_weighted': [0.3786259077721837, 0.3474755839105798], 'accuracy': [0.3845208845208845, 0.3674347158218126], 'sharpe': [24.33131829758028, -61.25192205444622], 'sortino': [27.737990093862248, -65.45940557785624], 'hit_ratio': [0.5330467490596453, 0.4068181818181818], 'combined': [0.8769041768824933, 0.07348694316436252]}",0.3759778001713485,0.47519556002342794,0.36305074584138175,0.46993246543891354,-18.46030187843297,-18.860707741996997,COMPLETE
61,0.463819575752789,2025-09-11 14:24:14.753297,2025-09-11 14:24:15.226140,0 days 00:00:00.472843,0.7062599664882899,0.8195692572588795,0.08112760592265406,4,3,949,0.001050411433881853,1.0348055185773236e-06,0.9853448579023827,"{'f1_weighted': [0.3805226088709777, 0.337699424898117], 'accuracy': [0.3820638820638821, 0.3655913978494624], 'sharpe': [3.570748544886334, -90.15458801207869], 'sortino': [4.015315110476825, -92.6860076068165], 'hit_ratio': [0.49244712990936557, 0.36022727272727273], 'combined': [0.8545208719356855, 0.07311827956989247]}",0.37382763995667223,0.463819575752789,0.3591110168845474,0.42633720131831915,-43.29191973359618,-44.33534624816984,COMPLETE
62,0.4708950037175844,2025-09-11 14:24:15.227645,2025-09-11 14:24:15.675236,0 days 00:00:00.447591,0.726960865899461,1.2889532281084517,0.09900069530326332,4,3,892,0.0017822955921756392,2.9152780522686097e-06,0.9962399012705475,"{'f1_weighted': [0.3551837237558135, 0.3408583260754551], 'accuracy': [0.3676289926289926, 0.34132104454685097], 'sharpe': [60.74947609405625, -56.83167573263544], 'sortino': [80.5978625522145, -65.63832032459356], 'hit_ratio': [0.5894554883318929, 0.44611528822055135], 'combined': [0.8735257985257986, 0.0682642089093702]}",0.3544750185879218,0.4708950037175844,0.34802102491563425,0.5177853882762221,1.9589001807104047,7.4797711138104646,COMPLETE
63,0.06978923938614925,2025-09-11 14:24:15.676233,2025-09-11 14:24:16.197760,0 days 00:00:00.521527,0.744339700576615,1.467016843109818,0.06510790635208208,5,2,859,0.00017925494617661988,7.96843599495793e-06,0.9489663819566934,"{'f1_weighted': [0.36151002274831784, 0.3330132818660633], 'accuracy': [0.36025798525798525, 0.33763440860215055], 'sharpe': [-28.712329125228738, -61.900324386413615], 'sortino': [-37.27139605436968, -73.50592880252817], 'hit_ratio': [0.430063578564941, 0.42755741127348645], 'combined': [0.0720515970518684, 0.06752688172043012]}",0.3489461969300679,0.06978923938614925,0.3472616523071906,0.42881049491921375,-45.306326755821175,-55.388662428448924,COMPLETE
64,0.07419326066602737,2025-09-11 14:24:16.198770,2025-09-11 14:24:16.679136,0 days 00:00:00.480366,0.6960280435163516,0.9767841630134595,0.15641208354668404,3,3,997,0.00047876153007477137,1.3692776444895712e-06,0.9847612506393277,"{'f1_weighted': [0.36943100549284, 0.337699424898117], 'accuracy': [0.367014742014742, 0.3655913978494624], 'sharpe': [-6.058859050626575, -90.15458801207869], 'sortino': [-7.09519812640355, -92.6860076068165], 'hit_ratio': [0.4855769230769231, 0.36022727272727273], 'combined': [0.07526824176216226, 0.07311827956989247]}",0.36630306993210215,0.07419326066602737,0.3535652151954785,0.4229020979020979,-48.106723531352635,-49.890602866610024,COMPLETE
65,0.47384417844652627,2025-09-11 14:24:16.680135,2025-09-11 14:24:18.003282,0 days 00:00:01.323147,0.7186332513924254,0.28386423607739786,0.18595874968779366,5,5,945,6.039154025189705e-05,5.564935261832028e-07,0.9279558066806576,"{'f1_weighted': [0.3725296253409239, 0.30789451102859694], 'accuracy': [0.3716216216216216, 0.36682027649769583], 'sharpe': [17.376400942300176, -126.48042639638844], 'sortino': [22.149838967554242, -144.51413016420346], 'hit_ratio': [0.510148849797023, 0.3276668083297918], 'combined': [0.8743243015935134, 0.07336405529953917]}",0.36922094905965874,0.47384417844652627,0.3402120681847604,0.4189078290634074,-54.55201272704413,-61.18214559832461,COMPLETE
66,0.0717247717275194,2025-09-11 14:24:18.004279,2025-09-11 14:24:18.924586,0 days 00:00:00.920307,0.7689534031506827,0.2811578551045055,0.18692787159648128,5,5,954,0.004147572809410965,4.378936542351033e-07,0.9238957580200788,"{'f1_weighted': [0.36138171755350507, 0.29887475759250887], 'accuracy': [0.35872235872235875, 0.3585253456221198], 'sharpe': [-19.54995468918753, -134.9839220355524], 'sortino': [-22.59453513222538, -155.91433923761193], 'hit_ratio': [0.46734784540204355, 0.31862537123462026], 'combined': [0.07174447433061483, 0.07170506912442397]}",0.35862385217223924,0.0717247717275194,0.33012823757300697,0.3929866083183319,-77.26693836236997,-89.25443718491866,COMPLETE
67,0.4716328866479614,2025-09-11 14:24:18.924586,2025-09-11 14:24:19.470346,0 days 00:00:00.545760,0.7297333232262289,0.4887579602961455,0.09206360832472511,5,7,921,0.00015148602610612108,5.557124805232849e-08,0.9034368303350755,"{'f1_weighted': [0.3442372394318346, 0.30789451102859694], 'accuracy': [0.3495085995085995, 0.36682027649769583], 'sharpe': [19.855463768241563, -126.48042639638844], 'sortino': [25.063690630803208, -144.51413016420346], 'hit_ratio': [0.5222358221134231, 0.3276668083297918], 'combined': [0.8699017179963836, 0.07336405529953917]}",0.3581644380031477,0.4716328866479614,0.3260658752302158,0.42495131522160745,-53.31248131407344,-59.72521976670013,COMPLETE
68,0.47279996375488853,2025-09-11 14:24:19.470346,2025-09-11 14:24:19.952561,0 days 00:00:00.482215,0.7161818761920649,0.7850406264939177,0.11890009987872145,4,6,963,0.0017154147248344424,6.845216790617013e-07,0.8816019478870253,"{'f1_weighted': [0.3616845567423276, 0.30789451102859694], 'accuracy': [0.36117936117936117, 0.36682027649769583], 'sharpe': [24.16393937845576, -126.48042639638844], 'sortino': [29.708084787344358, -144.51413016420346], 'hit_ratio': [0.5335420393559929, 0.3276668083297918], 'combined': [0.8722358722102379, 0.07336405529953917]}",0.3639998188385285,0.47279996375488853,0.3347895338854623,0.4306044238428923,-51.158243508966336,-57.40302268842955,COMPLETE
69,0.0693910944995898,2025-09-11 14:24:19.952561,2025-09-11 14:24:20.425962,0 days 00:00:00.473401,0.7596287163785013,0.7598416459067437,0.12378237376607337,4,6,963,0.0018963926839964706,7.278996103628772e-07,0.8769090153641237,"{'f1_weighted': [0.36877313038213405, 0.18001711402616377], 'accuracy': [0.3657862407862408, 0.328110599078341], 'sharpe': [-12.555262738472589, -170.86372043239177], 'sortino': [-14.484274542698733, -223.3968603074842], 'hit_ratio': [0.49212410501193316, 0.30905145691258523], 'combined': [0.07316006918351141, 0.0656221198156682]}",0.34694841993229086,0.0693910944995898,0.2743951222041489,0.4005877809622592,-91.70949158543218,-118.94056742509146,COMPLETE
70,0.07270880226622162,2025-09-11 14:24:20.427468,2025-09-11 14:24:20.909052,0 days 00:00:00.481584,0.7208697218071056,0.24383285369530128,0.12456692386973234,4,5,831,0.0005568247542643203,4.062522290519322e-06,0.9409191293005014,"{'f1_weighted': [0.3684820488824668, 0.3468431199341832], 'accuracy': [0.36609336609336607, 0.36098310291858676], 'sharpe': [-12.754800603497, -83.5099288017924], 'sortino': [-14.181073372543018, -88.95793587261392], 'hit_ratio': [0.4761675493500241, 0.3817258883248731], 'combined': [0.07322098394872589, 0.07219662058371736]}",0.36353823450597644,0.07270880226622162,0.357662584408325,0.4289467188374486,-48.1323647026447,-51.569504622578464,COMPLETE
71,0.3034061346039458,2025-09-11 14:24:20.909052,2025-09-11 14:24:21.388894,0 days 00:00:00.479842,0.7011119817660647,0.029125016552536076,0.17296295177965995,5,6,882,0.000994369184704004,1.5483787255861338e-06,0.9626328425864134,"{'f1_weighted': [0.3729384135746476, 0.30429836350659617], 'accuracy': [0.37192874692874694, 0.31889400921658984], 'sharpe': [0.3466692462780589, -98.61528021536691], 'sortino': [0.38270467587472584, -112.76915906634632], 'hit_ratio': [0.5044955044955045, 0.35989492119089317], 'combined': [0.5430334673645736, 0.06377880184331797]}",0.3454113780726684,0.3034061346039458,0.3386183885406219,0.43219521284319884,-49.13430548454443,-56.1932271952358,COMPLETE
72,0.47279975076242914,2025-09-11 14:24:21.388894,2025-09-11 14:24:21.814600,0 days 00:00:00.425706,0.6662198620915161,0.4574377361001853,0.20219916895364112,3,7,1000,0.0056086481305028125,3.5244880709628993e-07,0.9417916996684437,"{'f1_weighted': [0.3618614067835205, 0.3468431199341832], 'accuracy': [0.367014742014742, 0.36098310291858676], 'sharpe': [16.288560578643796, -83.5099288017924], 'sortino': [17.896534649417152, -88.95793587261392], 'hit_ratio': [0.5339147286821705, 0.3817258883248731], 'combined': [0.8734028809411409, 0.07219662058371736]}",0.3639989224666644,0.47279975076242914,0.35435226335885184,0.4578203085035218,-33.6106841115743,-35.530700611598384,COMPLETE
73,0.472525845723687,2025-09-11 14:24:21.814600,2025-09-11 14:24:22.235446,0 days 00:00:00.420846,0.6686233242625921,1.12751716199993,0.14786382681585988,3,7,1000,0.028361314980856946,1.092046631655093e-07,0.9398336423553395,"{'f1_weighted': [0.36752949991678635, 0.30789451102859694], 'accuracy': [0.36486486486486486, 0.36682027649769583], 'sharpe': [6.431982959826795, -126.48042639638844], 'sortino': [7.871648200065804, -144.51413016420346], 'hit_ratio': [0.5078922934076138, 0.3276668083297918], 'combined': [0.8716876361478348, 0.07336405529953917]}",0.36584257068128034,0.472525845723687,0.33771200547269165,0.4177795508687028,-60.02422171828082,-68.32124098206883,COMPLETE
74,0.4638921221179286,2025-09-11 14:24:22.236443,2025-09-11 14:24:22.658121,0 days 00:00:00.421678,0.669937181599474,1.1046615707397502,0.1484897682323139,3,7,985,0.03501840165544501,1.0973110634080296e-07,0.8840616008744091,"{'f1_weighted': [0.29022576650655674, 0.18275356969973325], 'accuracy': [0.31142506142506143, 0.32749615975422425], 'sharpe': [38.37218417765509, -173.31104573771538], 'sortino': [57.976823285070104, -224.01835446350591], 'hit_ratio': [0.5442247658688866, 0.3031645569620253], 'combined': [0.8622850122850123, 0.06549923195084485]}",0.3194606105896428,0.4638921221179286,0.23648966810314498,0.423694661415456,-67.46943078003014,-83.0207655892179,COMPLETE
75,0.0716633453730228,2025-09-11 14:24:22.659121,2025-09-11 14:24:23.087992,0 days 00:00:00.428871,0.910438995166641,0.932232461439711,0.26809204389279623,3,7,942,0.0975788566631561,3.7145891658595246e-07,0.9322544156855829,"{'f1_weighted': [0.3583016263552173, 0.29887475759250887], 'accuracy': [0.3581081081081081, 0.3585253456221198], 'sharpe': [-44.00425789208459, -134.9839220355524], 'sortino': [-50.80208716337253, -155.91433923761193], 'hit_ratio': [0.4199475065616798, 0.31862537123462026], 'combined': [0.07162162162162163, 0.07170506912442397]}",0.35831672686511395,0.0716633453730228,0.3285881919738631,0.36928643889815005,-89.4940899638185,-103.35821320049223,COMPLETE
76,0.46453508372863705,2025-09-11 14:24:23.089018,2025-09-11 14:24:23.505920,0 days 00:00:00.416902,0.71695265945673,1.7429827194777832,0.19921790575774379,3,8,974,0.012484446364903406,2.644764029459575e-07,0.9014699357003931,"{'f1_weighted': [0.28808725700632426, 0.18275356969973325], 'accuracy': [0.3178746928746929, 0.32749615975422425], 'sharpe': [12.205300808437938, -173.31104573771538], 'sortino': [16.654165524486864, -224.01835446350591], 'hit_ratio': [0.5138651146867511, 0.3031645569620253], 'combined': [0.8635709355064293, 0.06549923195084485]}",0.32268542631445857,0.46453508372863705,0.23542041335302877,0.4085148358243882,-80.55287246463872,-103.68209446950952,COMPLETE
77,0.06877543337220757,2025-09-11 14:24:23.505920,2025-09-11 14:24:23.981562,0 days 00:00:00.475642,0.8646992228795755,0.7231820317473082,0.10648582658969695,3,6,1000,0.007661922839510892,2.484613048911706e-08,0.8628593922636447,"{'f1_weighted': [0.35961731967748006, 0.18001711402616377], 'accuracy': [0.35964373464373467, 0.328110599078341], 'sharpe': [-58.338942134623764, -170.86372043239177], 'sortino': [-65.77806699078172, -223.3968603074842], 'hit_ratio': [0.38348362600854297, 0.30905145691258523], 'combined': [0.07192874692874694, 0.0656221198156682]}",0.34387716686103786,0.06877543337220757,0.2698172168518219,0.3462675414605641,-114.60133128350776,-144.58746364913296,COMPLETE
78,0.07150997654259963,2025-09-11 14:24:23.982559,2025-09-11 14:24:24.455558,0 days 00:00:00.472999,0.7416914933853965,0.4844990067765341,0.16097760364099195,4,7,916,0.0037794254743928283,7.142273830660193e-07,0.9411258577805504,"{'f1_weighted': [0.35461214796129864, 0.34380469686250553], 'accuracy': [0.35196560196560195, 0.3631336405529954], 'sharpe': [-15.850155676200307, -91.5576243518816], 'sortino': [-17.993942428578286, -99.19086651686786], 'hit_ratio': [0.47623529411764703, 0.36428209030948755], 'combined': [0.07039322497460017, 0.07262672811059909]}",0.3575496212592987,0.07150997654259963,0.3492084224119021,0.42025869221356726,-53.70389001404095,-58.592404472723075,COMPLETE
79,0.07193975814943565,2025-09-11 14:24:24.456555,2025-09-11 14:24:24.904638,0 days 00:00:00.448083,0.9875675633491656,1.340377968810631,0.17799187061205965,3,6,961,0.0573701692228531,1.1978312229772607e-07,0.9208526695471023,"{'f1_weighted': [0.3630802950850306, 0.29887475759250887], 'accuracy': [0.3608722358722359, 0.3585253456221198], 'sharpe': [-36.28017983854123, -134.9839220355524], 'sortino': [-39.45387559657763, -155.91433923761193], 'hit_ratio': [0.4362861203221222, 0.31862537123462026], 'combined': [0.07217444717444732, 0.07170506912442397]}",0.3596987907471778,0.07193975814943565,0.33097752633876976,0.37745574577837127,-85.63205093704681,-97.68410741709478,COMPLETE
80,0.24825816911709203,2025-09-11 14:24:24.905634,2025-09-11 14:24:25.336298,0 days 00:00:00.430664,0.6851910355649371,0.4202210602380798,0.14355778490354973,3,7,933,0.6397709938094964,6.44260837794398e-08,0.9081756746831773,"{'f1_weighted': [0.35675130829639745, 0.30789451102859694], 'accuracy': [0.35565110565110564, 0.36682027649769583], 'sharpe': [-0.24105013688843124, -126.48042639638844], 'sortino': [-0.30004187587882014, -144.51413016420346], 'hit_ratio': [0.49359768690623707, 0.3276668083297918], 'combined': [0.4231522829346449, 0.07336405529953917]}",0.36123569107440073,0.24825816911709203,0.3323229096624972,0.4106322476180144,-63.360738266638435,-72.40708602004115,COMPLETE
81,0.46278546141432486,2025-09-11 14:24:25.336298,2025-09-11 14:24:25.797843,0 days 00:00:00.461545,0.667974134563856,0.8669915752756671,0.20232213661141102,4,8,858,0.0023632631861335157,2.1997615014341765e-06,0.9469524702508524,"{'f1_weighted': [0.3324301178561799, 0.20836883888371732], 'accuracy': [0.3332309582309582, 0.2946236559139785], 'sharpe': [28.493666977758593, -105.49635191332735], 'sortino': [41.47297946116527, -146.66560132596854], 'hit_ratio': [0.5346764819837272, 0.3667701863354037], 'combined': [0.866646191645854, 0.0589247311827957]}",0.31392730707246835,0.46278546141432486,0.2703994783699486,0.45072333415956545,-38.501342467784376,-52.596310932401636,COMPLETE
82,0.46643616663962284,2025-09-11 14:24:25.798843,2025-09-11 14:24:26.279779,0 days 00:00:00.480936,0.6597769786653276,2.0060147968430275,0.11397857213536397,4,5,905,0.0013618510596887508,8.45433870376519e-07,0.9586974011418257,"{'f1_weighted': [0.36107451758021314, 0.3408583260754551], 'accuracy': [0.35995085995085996, 0.34132104454685097], 'sharpe': [4.676290275033308, -56.83167573263544], 'sortino': [5.613752741655103, -65.63832032459356], 'hit_ratio': [0.5007327796775769, 0.44611528822055135], 'combined': [0.8646081243698754, 0.0682642089093702]}",0.35063595224885546,0.46643616663962284,0.3509664218278341,0.4734240339490641,-26.077692728801065,-30.01228379146923,COMPLETE
83,0.4728303711622116,2025-09-11 14:24:26.281772,2025-09-11 14:24:26.766044,0 days 00:00:00.484272,0.7106419385464924,0.1693991939299067,0.13306695683486405,3,6,967,0.01957001972999914,5.042740417008606e-06,0.9256421430760903,"{'f1_weighted': [0.3640318919287611, 0.30789451102859694], 'accuracy': [0.3614864864864865, 0.36682027649769583], 'sharpe': [14.08621608613037, -126.48042639638844], 'sortino': [16.764090013751282, -144.51413016420346], 'hit_ratio': [0.5232715770447357, 0.3276668083297918], 'combined': [0.872296687024884, 0.07336405529953917]}",0.3641533814920912,0.4728303711622116,0.33596320147867903,0.42546919268726374,-56.19710515512904,-63.87502007522609,COMPLETE
84,0.47316826539045626,2025-09-11 14:24:26.767550,2025-09-11 14:24:27.287151,0 days 00:00:00.519601,0.7081608543195459,0.19034132620343688,0.08990066661486495,3,6,972,0.01790815573346855,3.8005731478811097e-06,0.9292113959372006,"{'f1_weighted': [0.3674243982615124, 0.30789451102859694], 'accuracy': [0.36486486486486486, 0.36682027649769583], 'sharpe': [14.290542992127406, -126.48042639638844], 'sortino': [17.29811214365815, -144.51413016420346], 'hit_ratio': [0.5192754296330702, 0.3276668083297918], 'combined': [0.8729724754813734, 0.07336405529953917]}",0.36584257068128034,0.47316826539045626,0.33765945464505465,0.42347111898143097,-56.09494170213051,-63.60800901027265,COMPLETE
85,0.4728303711622116,2025-09-11 14:24:27.288163,2025-09-11 14:24:27.726749,0 days 00:00:00.438586,0.7054697990696317,0.24808707777643513,0.0899751535851734,3,6,968,0.020712446073402734,4.3764007923370146e-06,0.9224506927164007,"{'f1_weighted': [0.3640318919287611, 0.30789451102859694], 'accuracy': [0.3614864864864865, 0.36682027649769583], 'sharpe': [14.08621608613037, -126.48042639638844], 'sortino': [16.764090013751282, -144.51413016420346], 'hit_ratio': [0.5232715770447357, 0.3276668083297918], 'combined': [0.872296687024884, 0.07336405529953917]}",0.3641533814920912,0.4728303711622116,0.33596320147867903,0.42546919268726374,-56.19710515512904,-63.87502007522609,COMPLETE
86,0.470619374064347,2025-09-11 14:24:27.726749,2025-09-11 14:24:28.200912,0 days 00:00:00.474163,0.7067487523029018,0.20216706480256985,0.07192083836778733,3,6,944,0.018617185926167627,4.537624783206162e-06,0.8959674793438656,"{'f1_weighted': [0.336925628135705, 0.30789451102859694], 'accuracy': [0.3393734643734644, 0.36682027649769583], 'sharpe': [23.58933198104371, -126.48042639638844], 'sortino': [29.338408626963062, -144.51413016420346], 'hit_ratio': [0.5380815150267599, 0.3276668083297918], 'combined': [0.8678746928291549, 0.07336405529953917]}",0.35309687043558013,0.470619374064347,0.32241006958215096,0.43287416167827586,-51.44554720767236,-57.5878607686202,COMPLETE
87,0.47316662056024295,2025-09-11 14:24:28.200912,2025-09-11 14:24:28.694651,0 days 00:00:00.493739,0.7308210920932945,0.15506394014664465,0.08668748204076382,3,5,968,0.006122446558816163,1.0128113024400254e-05,0.9200471958478659,"{'f1_weighted': [0.3679148223345242, 0.30789451102859694], 'accuracy': [0.36486486486486486, 0.36682027649769583], 'sharpe': [12.26074798032651, -126.48042639638844], 'sortino': [15.019226940662218, -144.51413016420346], 'hit_ratio': [0.5161583978152026, 0.3276668083297918], 'combined': [0.8729691858209467, 0.07336405529953917]}",0.36584257068128034,0.47316662056024295,0.3379046666815606,0.42191260307249717,-57.10983920803096,-64.74745161177063,COMPLETE
88,0.4657039282597022,2025-09-11 14:24:28.695648,2025-09-11 14:24:29.172285,0 days 00:00:00.476637,0.7294681264253906,0.11483324529484693,0.08995110464164567,3,5,964,0.14852772523881022,1.767458995743529e-05,0.8539137941921324,"{'f1_weighted': [0.3315365466745895, 0.18104394259550097], 'accuracy': [0.33261670761670764, 0.3244239631336406], 'sharpe': [14.873830250537223, -168.6879892983818], 'sortino': [17.611466879163423, -219.67048502011738], 'hit_ratio': [0.5407348242811502, 0.30916509730069053], 'combined': [0.8665230638926763, 0.06488479262672812]}",0.3285203353751741,0.4657039282597022,0.25629024463504524,0.42494996079092034,-76.90707952392229,-101.02950907047698,COMPLETE
89,0.47264640111404754,2025-09-11 14:24:29.173282,2025-09-11 14:24:29.698651,0 days 00:00:00.525369,0.7167104487871389,0.1686970941524749,0.07350172355765144,4,6,927,0.013904452199784771,9.110942256670103e-06,0.8823554693937902,"{'f1_weighted': [0.35883106609145765, 0.30789451102859694], 'accuracy': [0.35964373464373467, 0.36682027649769583], 'sharpe': [29.063215473865995, -126.48042639638844], 'sortino': [36.33685058101835, -144.51413016420346], 'hit_ratio': [0.5397623400365631, 0.3276668083297918], 'combined': [0.8719287469285559, 0.07336405529953917]}",0.3632320055707152,0.47264640111404754,0.3333627885600273,0.43371457418317744,-48.70860546126122,-54.088639791592556,COMPLETE
90,0.07221617092584835,2025-09-11 14:24:29.698651,2025-09-11 14:24:30.179361,0 days 00:00:00.480710,0.7505316755512597,0.3438784456961443,0.055427222689883766,3,5,872,0.055880858041982645,4.645025618354795e-06,0.9236458818638174,"{'f1_weighted': [0.36654462836997453, 0.29887475759250887], 'accuracy': [0.36363636363636365, 0.3585253456221198], 'sharpe': [-38.51788165888249, -134.9839220355524], 'sortino': [-42.77202124245585, -155.91433923761193], 'hit_ratio': [0.43609022556390975, 0.31862537123462026], 'combined': [0.07272727272727274, 0.07170506912442397]}",0.3610808546292417,0.07221617092584835,0.3327096929812417,0.377357798399265,-86.75090184721745,-99.34318024003389,COMPLETE
91,0.4734141590521183,2025-09-11 14:24:30.180362,2025-09-11 14:24:30.647652,0 days 00:00:00.467290,0.688474932828978,0.008448539105088443,0.09772010577220966,3,6,973,0.007218800914040958,1.4495149135981167e-06,0.9125152055213727,"{'f1_weighted': [0.3649723606480955, 0.31129836167114977], 'accuracy': [0.36240786240786244, 0.3717357910906298], 'sharpe': [14.477654168118969, -128.5741971074572], 'sortino': [17.187364657789256, -148.02820495185134], 'hit_ratio': [0.5244565217391305, 0.32691502720803683], 'combined': [0.8724811598861106, 0.07434715821812597]}",0.3670718267492461,0.4734141590521183,0.3381353611596226,0.4256857744735837,-57.04827146966911,-65.42042014703104,COMPLETE
92,0.473321922621505,2025-09-11 14:24:30.647652,2025-09-11 14:24:31.103904,0 days 00:00:00.456252,0.7084398783903324,0.013195635022305946,0.09763787858411324,3,6,976,0.0071778830027430865,1.562879531111709e-06,0.9177330545125676,"{'f1_weighted': [0.3640318919287611, 0.31129836167114977], 'accuracy': [0.3614864864864865, 0.3717357910906298], 'sharpe': [14.08621608613037, -128.5741971074572], 'sortino': [16.764090013751282, -148.02820495185134], 'hit_ratio': [0.5232715770447357, 0.32691502720803683], 'combined': [0.872296687024884, 0.07434715821812597]}",0.36661113878855817,0.473321922621505,0.3376651267999554,0.4250933021263863,-57.24399051066341,-65.63205746905003,COMPLETE
93,0.47344487217492404,2025-09-11 14:24:31.103904,2025-09-11 14:24:31.714482,0 days 00:00:00.610578,0.6879158027615925,0.03154543674500293,0.09161810321678321,3,6,912,0.01917801201635677,1.7007214949283552e-06,0.9107731914755272,"{'f1_weighted': [0.3652934647230348, 0.31129836167114977], 'accuracy': [0.3627149877149877, 0.3717357910906298], 'sharpe': [14.480528386987821, -128.5741971074572], 'sortino': [17.190583107776323, -148.02820495185134], 'hit_ratio': [0.5246941549614862, 0.32691502720803683], 'combined': [0.8725425861317221, 0.07434715821812597]}",0.3672253894028088,0.47344487217492404,0.3382959131970923,0.42580459108476154,-57.04683436023468,-65.41881092203751,COMPLETE
94,0.473719615951948,2025-09-11 14:24:31.715480,2025-09-11 14:24:32.195719,0 days 00:00:00.480239,0.6871387770433544,0.008219724492450182,0.10330130651439089,3,4,899,0.007744422101705242,1.4167339833678874e-06,0.9117301959755371,"{'f1_weighted': [0.3679148223345242, 0.3181575240759739], 'accuracy': [0.36486486486486486, 0.3723502304147465], 'sharpe': [12.26074798032651, -123.0206366155102], 'sortino': [15.019226940662218, -141.76803970199214], 'hit_ratio': [0.5161583978152026, 0.33319432860717263], 'combined': [0.8729691858209467, 0.07447004608294931]}",0.3686075476398057,0.473719615951948,0.34303617320524904,0.4246763632111876,-55.37994431759184,-63.37440638066496,COMPLETE
95,0.42475960716695504,2025-09-11 14:24:32.195719,2025-09-11 14:24:32.684730,0 days 00:00:00.489011,0.6927413768271989,0.04685550462901977,0.06626195143685977,3,4,906,0.005096865270607507,1.7578957606727538e-06,0.9094911715369369,"{'f1_weighted': [0.3622444153569895, 0.3181575240759739], 'accuracy': [0.36240786240786244, 0.3723502304147465], 'sharpe': [1.9755827706899198, -123.0206366155102], 'sortino': [2.188712582786721, -141.76803970199214], 'hit_ratio': [0.507205950720595, 0.33319432860717263], 'combined': [0.7750491682509608, 0.07447004608294931]}",0.3673790464113045,0.42475960716695504,0.3402009697164817,0.4202001396638838,-60.52252692241014,-69.7896635596027,COMPLETE
96,0.4690518461427714,2025-09-11 14:24:32.684730,2025-09-11 14:24:33.182837,0 days 00:00:00.498107,0.6806035887092586,0.017976413550974124,0.10075044134978091,3,5,799,0.0075214928362239385,1.0670865031992564e-06,0.8714388368473963,"{'f1_weighted': [0.3628517254894139, 0.18016116434270055], 'accuracy': [0.36240786240786244, 0.328110599078341], 'sharpe': [24.948455216843453, -170.67375379695764], 'sortino': [31.561270175025648, -223.0021404777749], 'hit_ratio': [0.5397908140063665, 0.3089102763117044], 'combined': [0.8724815724698746, 0.0656221198156682]}",0.3452592307431017,0.4690518461427714,0.27150644491605724,0.4243505451590355,-72.86264929005709,-95.72043515137463,COMPLETE
97,0.47126444077707985,2025-09-11 14:24:33.183834,2025-09-11 14:24:33.635354,0 days 00:00:00.451520,0.6895361069413257,0.37888735024641823,0.08510329821084626,3,4,835,0.0026461488024731167,1.2154070538854015e-05,0.897241850698649,"{'f1_weighted': [0.3408962064200239, 0.3165775469516855], 'accuracy': [0.34244471744471744, 0.37019969278033793], 'sharpe': [21.21173608666512, -122.5320736797503], 'sortino': [27.09756496644949, -141.51051306964712], 'hit_ratio': [0.5293631100082713, 0.3336123901213897], 'combined': [0.8684889429980921, 0.0740399385560676]}",0.35632220511252766,0.47126444077707985,0.3287368766858547,0.43148775006483053,-50.66016879654259,-57.20647405159882,COMPLETE
98,0.07221617124423005,2025-09-11 14:24:33.635354,2025-09-11 14:24:34.108274,0 days 00:00:00.472920,0.7338590106676075,0.6632025752251256,0.04835918416178018,3,5,938,0.05456844824145305,1.6134686485043438e-06,0.9115416720900864,"{'f1_weighted': [0.36728940889513934, 0.29887475759250887], 'accuracy': [0.36363636363636365, 0.3585253456221198], 'sharpe': [-20.95147946352262, -134.9839220355524], 'sortino': [-24.828477485306298, -155.91433923761193], 'hit_ratio': [0.4623069936421435, 0.31862537123462026], 'combined': [0.07272727336403613, 0.07170506912442397]}",0.3610808546292417,0.07221617124423005,0.3330820832438241,0.3904661824383819,-77.96770074953751,-90.37140836145912,COMPLETE
99,0.47080318693221923,2025-09-11 14:24:34.108274,2025-09-11 14:24:34.566714,0 days 00:00:00.458440,0.6457603903680413,0.5417738145709818,0.05801984037940154,4,5,889,0.0029668166296778833,2.9608904348400103e-06,0.9767690751769824,"{'f1_weighted': [0.34537205051589404, 0.33707211248799346], 'accuracy': [0.35626535626535627, 0.35176651305683565], 'sharpe': [41.96245745695128, -91.17340953574794], 'sortino': [52.885993624813125, -104.29198687041638], 'hit_ratio': [0.5600189035916824, 0.3742610277398818], 'combined': [0.8712530712530713, 0.07035330261136713]}",0.35401593466109593,0.47080318693221923,0.3412220815019438,0.4671399656657821,-24.60547603939833,-25.702996622801628,COMPLETE
